stud_info_id,login
7049,Ganiyev_Sanjarbek
7054,Davronjonov_Husniddin
7079,Orifov_Jafarxuja
7082,Adxamov_Fayozbek
6078,a.axmedov
6060,Rufathasanov1998
3081,LATIF.LATIF.latif
5053,x.urinboev
7755,s.makhamatkulov
7904,ninuwa
7689,k.olimjonova
6184,butkurov
7696,x.tajimova
7706,b.norkulov
7712,a.yuldashe
7699,n.tojimurotova
7728,n.egamberdieva
7700,l.ilkhomova
7705,u.toshkentov
7713,u.umarov
7724,a.shukhratov
7732,a.khudoyberdiev
7737,z.ismoilov
7726,j.mardanov
8099,m.yoriqulov
1044,dilnoza
5048,toshmuratovshaxzod2
5050,ibaydillayevamirullo1
5051,bosimovshoxruhxon2
5052,Musaboy101
5054,eldor102
5055,Kaxramon312
5057,Odiljon354
5058,Ulugbek618
8155,F.Boltaev
5060,Alisher684
8156,a.jorabaev
5062,Shaxriyor678
5063,ziyovuddin61707
5066,Farrux613
8157,M.Seydullaev
8158,Z.Abdullaeva
8159,X.Xolimtaev
5068,Ixtiyor689
8160,Sh.Shavkatov
5070,Shahzod500
5072,Yusuf632
5075,Shahlo652
5078,Mirolim594
5080,Isomiddin598
6061,Eldor66642
6068,Jumatovsalamat
6072,xoshimovasilbek
6075,choriyevb18
6080,jurayevurol
6082,zuxranur1
6086,normamatovmq3
6089,nigmurodovot2
6092,sharafutdinovasad
8161,G.Turopova
8163,X.Xakimov
8165,B.Shirinov
8168,A.Abdugapparov
8170,S.Xakimjanov
8173,B.Yashnarov
8175,F.Isoqov
8177,M.Nabiev
8178,D.Qurbonalieva
8181,V/Viktoriya
8182,M.Sobirova
8185,R.Gafarov
6198,azakim
6321,wokhrux_
6250,Dildor_r
6063,RasulovJavlon1997
6119,h.abduhamidov2336
6112,abdulatifbekm
6085,Alimberdiyev Javoxir
6332,Muxridin1427978
6363,axmatovabrorbek
6741,sobirjonov2089
6775,AB1672578
5092,ilhom.t
6146,misterikromov23
8207,akmal
7756,zafar97
7839,ab4497971
7858,aa2437621
7894,aa0012655
6692,abdumannon8709
7870,ab2935037
7859,ka1043360
6055,baxromovbekzod
8210,muslimbek
7895,ab0643198
6731,AB4677284
6854,AB3319096
6744,AA9933090
6309,Robiya4466
8215,sardor
6559,s.mamadaliyev
7832,ab5885825
7878,ab2071145
8218,abdulaziz
6659,dilshodjon6826
7884,aa8657978
7814,aa8297737
7836,ab4159425
6566,elshodm8787
7905,mfayrushin
7828,aa8009841
5089,Muhammadrasul978
7658,dfayziyeva
6482,otabekabd952
5091,Zafar687
6560,ushodiyev3874
7896,ab2575335
7643,bkilichev
6095,najmshaxobiddin5
7842,ab4064677
7683,sraxmonov
7849,ab0174693
7638,mmansurov
8230,mirjalol
6261,Azamat6655
7874,ab6542462
7707,meldorbek
7678,hmirzamurodov
6426,sh.habibov752
7642,mtursunov
7647,kismailova
7640,amelikuziev
8240,sanjar
7646,gbaxromova
6629,azamjon
6313,Muslimbek77
7648,ssaydullayeva
6409,Ramazon7887
6266,Burxoniddin5566
6812,AA8065225
7653,ynatalya
7641,aergashev
7691,sboymurodov
6850,AB2484824
7649,aadilbekov
6343,Sanjar444
7701,kjumabaeva
6397,aziza
38,sadulla
6567,rustambekov.shaxzod
6562,nizomov.xumoyun
6563,durdiyev.oxunjon
6565,hamidov.fattoh
8260,andrey
6434,mirzoxid3256
7763,AA6305294
6756,b.kamolov
6758,s.suyunov
8263,zhkhursanbekov
6760,e.isoyev
6762,o.gadoyev
6764,a.abdiraimov
6767,x.muxammadiyev
6769,j.xasanov
6772,b.berdiniyozov
6578,sarvarroz325
6773,s.orzumurodov
6186,jamshid
6847,m.sanaqulova
6360,Shaxriddin778
6779,x.baxriddinov
6781,q.solijonov
6783,sh.umarov
6785,n.azimov
6849,m.karimova
6787,a.axmatxanov
6348,Shaxzod9933
6789,j.erkinov
6791,x.jabborov
6793,k.suyunov
6285,Zehniddin5566
6795,h.hayitov
6797,b.abdullayev
6799,e.xudayqulov
6640,jumaboyev6397
6698,i.qozoqboyev
8268,amir
6851,m.kurbanova
6488,t.ibragimov4586
6801,sh.gaffarov
6853,m.numonov
6810,a.turgunboyev
6843,o.abdulazizov
6835,AA0816961
6855,m.abdulqosimov
6896,d.abdimuratov
8269,dilshodbek
6856,m.ubaydullayeva
8270,ikromov
6862,m.kurganov
6275,abdulatif777
6890,q.omonov
6867,m.duvlanov
6891,u.axmedov
6870,m.shuxratov
6872,m.mehmonov
8272,abubakir
6168,ergashoveldor
6874,m.najmiddinov
6876,m.zaynobiddinov
6894,sh.bastamov
6701,f.jumaboyev
6878,m.ikromaliyev
6568,amrilloqurbonov5
6895,t.erniyozov
8273,jahongir
6880,m.tastanov
6703,sh.gofurov
6881,m.sharofuddinov
6897,s.saloxiddinov
6704,d.turgunov
8274,quvonchbek
6420,teshabek007
6882,m.sulaymonov
6898,a.mamatqulov
6706,j.meyliyev
6344,shokirjon
6612,teshaboyevj33
6899,i.tojiboyev
6883,m.soibnazarov
6708,n.yangiboyev
6813,AA6614703
6710,n.elmonov
6054,ZokirovSardorjon1994
6884,m.quroqov
6900,m.kamolov
6646,rahimov8052
8275,jalolbek
6713,f.sharifjonov
6637,ismanov9135
6901,s.qilichov
6885,m.rasulov
6724,h.sharifjonov
7429,lazizbek
6715,sh.abdullayev
6570,azimovsh999
6077,SarievMiranshox1997
6717,y.muxtorov
6109,dostonumarov145
7420,bekzod
6902,s.usmonov
6887,m.abdunazarov
8279,fayzulla
6903,j.shirinov
6485,abdurashitg9
6888,m.muxtorov
6904,o.inoqov
6269,a.abdimuradov
8283,shohzodbek
6889,m.erkinov
6071,u.dustmuratov
6905,a.ispantov
7416,fazliddin
6561,f.julbayev338
6906,o.xushvaqtov
8287,anvarjon
6719,n.yuldoshev
6721,sh.nurmatov
6723,d.bazarov
6729,AB4296381
8290,makhmudjon
6726,j.nematov
6728,b.tohirov
7374,allayev
6730,a.abdusamadov
6553,ematkarimov548
6732,j.madaminjonov
7645,Aydosbay
8296,oybek
6745,sh.tursunov
7368,bobir
7644,Samandarov
6747,u.bozarov
6907,k.yusupjanov
6478,a.akbarjonov228
6211,a.bobomurodov
7660,Ikramov.official
8300,azizjon
6908,m.satimov
6750,m.yoqubov
6752,z.avazov
6554,u.mamayusupov33
8306,kamranbek
6480,islomovsh442
6271,Lochinbek7799
6886,m.dosmurodov
6329,Sarvinoz6677
6223,b.jumabekova
8312,shamsiddin
6690,daniyarova3535
6834,xandamov8958
6232,a.donaboyev
8316,shakhzod
6800,AA2934771
6220,sh.azamatov
8318,farangiz
6909,q.istamqulov
6404,AB
8322,aleksey
6555,a.choriyev128
6547,aa9030795
6243,o.boboyorov
6405,nurberdiev
6246,a.behruz
6249,m.behruz
6408,ibrohimov
6472,m.alimov523
6253,sh.toshtemirov
6411,jumamuratov
6545,ab0050552
6494,sokhiba
6416,anarkulov
6419,inomov
6551,shaquchqarov220
6421,tojiyev
6526,bekzodkh
6258,m.ismoilov
6424,qayimov
6135,abdulazizn3014
6262,b.sohib
6427,toshboyev
6735,bobojonov5791
6429,qurbanov
6264,m.shohzod
6438,jamgirov
6529,shomurod
6443,yursunov
6716,alisher5754
6273,m.samandar
6448,xakimjonov
6454,abrorjon
6450,nurmatov
6541,ab0100511
6456,saitmurodov
6487,jumaboyev335
6279,s.xamdamova
6459,karimov
6283,j.nurboyev
6697,maxmudjonov5640
6539,AB5649417
6549,davron
6287,o.jahongir
6736,otaqulov1005
6546,dilshod
6465,xayitov
6711,baxodirov7825
7846,ab0711042
7655,mrmajor1998
6469,xusanjanov
6291,z.ulugbek
6536,AB0051035
6702,ilyos1303
6501,laylo
6823,AA0088283
6534,AB5212239
6471,ismoilov
7852,ab5270935
6473,usmanov
6533,AB3812370
7854,aa9423273
6477,axrorov
6515,dilshodjon
6295,sh.tursinov
6479,zayniddinov
7866,ab5260899
6382,usmonjon
7880,ab5745352
7887,aa3117995
6530,AB5507172
7888,aa3666042
6298,a.abduvoxidov
6753,AA6988982
7664,g.fayzullayeva
6542,saidislom
6564,odilovoybek465
8330,AA3697591
6302,o.shomurodov
6369,mirfozil
6402,toychiboyev.h
6651,b.mahmudov
6652,sh.usmonov
6305,r.soliyev
8335,AA1901153
7669,r.qirgizbayev
8337,AA1119645
8332,sh.abduvokhidov
6733,AB3584415
6308,d.rustamov
6331,asliddin
7673,j.normamatov
8331,AA9748135
6525,AA1532538
8338,AB3433929
6718,muslimbekov3689
7676,s.shokirov
6334,firdavsbek
6511,sardorbek
8329,BG02099344
6522,AB6371757
6314,e.jumanazarov
6648,ibrohim6362
7890,aa8812879
6653,b.xudayberdiyev
7682,m.turakulova
7891,aa5379667
6318,a.shaxzod
6803,KA0885120
7717,a.meyliyev
6654,i.xusanov
6320,bozorova
7687,m.mitanboyev
6492,murodjon
6655,j.mustafoyev
6821,AA2161770
7718,m.qudratov
6656,s.hayitov
6520,AB4543250
7694,o.usanov
6523,shokhruh
6658,i.ramazonov
6660,a.rashidov
7692,o.abdirahimov
6518,AB3743033
6339,abbos
7702,o.jumanov
6467,jamshidbek
7719,f.mamasiddiqova
6662,b.olimov
6663,j.ashurov
6517,AB5332052
6341,gulyora
7709,sh.narzullayev
6668,x.jahonov
6519,khakimov
8336,AA2696113
6514,AA8147079
7711,m.jurakulova
6535,otamurod
8339,AB0806718
6513,AB4592976
6351,abduvohid
6521,AB2576655
6353,bobirbek
6460,fayzullaev
6527,AB6257198
6474,sirojiddin
6493,zarina
6670,sh.tolisov
6510,AB6634194
6495,muhriddin
6671,a.shodiyev
6367,shermuhammad
6508,AA8474749
6497,adkhamov
6673,j.mustafayev
6532,allanazar
6675,m.ibragimov
6507,AB2523940
6537,sirojiddinjon
6677,sh.rustamov
6368,ulugbek
6679,dilmurod2357
6505,AB3429197
6682,j.shoyimqulov
6372,otabek
6684,d.d.turgunov
6818,AB0477156
8353,AB 5869060
6686,e.normominov
6608,jangirovt241
6376,ibrohim
3051,m.axmedov
6688,d.mavlonov
6725,qodirbergan0263
6377,muhammad
8362,ravshan
6378,sarvarbek
6502,AB5383624
6499,AB7119251
6381,karim
6498,AB3639716
6384,javohir
6689,s.safarov
6496,AB7243718
6691,e.saidov
6385,bahrombek
8325,AA3720420
6462,ismailovb
6693,i.isakjonov
6387,muxammadjon
8366,olimjon
6694,a.amirov
6180,sh.mahmudov
8333,AA0670414
6388,ozodbek
6696,o.isroilov
8368,bekmurod
4043,afzalov
4045,h.turgunov
6390,ahmadbek
6187,z.mirzaholov
8370,shodiyor
6196,b.muminov
6392,ihtiyorbek
8371,abdujalil
6201,g.sarvarxon
6394,shaxlo
4046,allayorova
3052,s.matkarimova
4051,istamov
4053,yunusov
3053,r.sattorov
4054,akbarov
6204,s.tohtamatov
6328,bahodir
6209,h.mirzayev
8374,otabekakh
6221,a.maxmudov
6970,a.asliddin
6357,jasurbek
5046,ortiqovshohruhjon1
6228,n.juraboeva
6233,m.ergashev
6971,s.abdumalik
6178,g.djangabaeva
6972,v.komila
6242,a.sultonov
6245,d.rajabov
6973,a.bahodir
4057,mamatov
4061,sharipov
6254,s.rakhmonova
4063,khamroev
6259,a.nietbaev
4065,latifov
4067,xomidov
6263,m.yuldoshev
3056,z.turdialiyev
6604,Sh.ozbekov
4071,akramov
6974,f.shuxratxoja
6268,a.toxirjonov
4074,muhammadiyev
4077,khamidov
6272,s.xojiyeva
4079,tukhtaboev
6277,v.pak
4081,murodjonov
6975,r.riskiddin
3058,a.xikmatov
4084,sidiqov
6611,Sh.roziboyev
4086,farxatov
6976,q.bekzod
4090,pulatov
3059,j.abdurasulov
5047,jamolidinovxomidjon1
6282,u.shofayziyev
4093,mirzanazarov
6977,p.zilola
6569,b.masharibov
4097,rajabov
4101,ilyosov
6286,a.raupov
6978,a.umar
5049,abdurahmonova
6979,t.mirzabek
6293,j.abdukabirov
3061,j.maxmudov
6571,o.nortojiyev
3065,b.midxatov
6574,u.rashidov
6056,Dilmurod22919
6303,e.toshkenboev
6980,s.asadbek
6312,x.zokirov
6572,sh.buxorov
6548,a.qosimov223
6981,o’.sherbek
3068,d.qazoqova
6575,x.namozov
3070,f.normurotov
6059,muqimovotabek
6599,u.namozov
3071,o.akmirzaev
3072,o.solijonov
3074,d.xolmatova
5059,ravshanjon
3075,t.nomozov
6982,abrayqulov.azam
6577,a.xomidov
6602,javohirqaxramon32
3077,j.umarov
3078,o.obidov
6984,r.murodbek
6620,Sanjarbek93926
6581,a.muzafarov
5064,madina
6986,i.xusan
5067,suxrob
6121,z.shohnurjon
6600,Xaydarov1176101
6579,b.xudoyberdiyev
6588,d.berdiyorov1478
6583,m.baratova
6617,Shaxzod331
6585,x.qultoyev
6644,axmatov1813
6587,q.yolchiyev
5071,1111
6053,shamshiyevazizbek
6590,a.samadov
5074,alisher
5076,shoxruhbek
5079,nomoz
5081,robiyaxon
6347,mm.mahmudov
5083,eldor1
6592,temirmalik.nomozov
5084,oqiljon
6594,s.oralov
5086,temurbek
5090,jonibek
5093,javlonbek
6058,javohir1
6113,g.imatkulov
6062,obidjon
6595,n.roziboyev
6067,xumoyun
6597,sh.musulmonov
6070,javoxir
3067,s.s.abduraxmonov
6073,umidjon
6601,h.karimberdiyev
6359,s.gapirova
6076,sardor1
6606,o.yusupov
6079,avazbek
6083,javoxir1
6108,312_Raximjonov
6087,shaxzodbek
6114,312_Nabiyev
6093,dostonbek1
6118,312_Ikromov
6098,sarvarbek1
6123,312_Muhammadov
6125,312_Elmurodov
6101,farrux
6105,muxammadjon1
7036,UFA2000
6096,s.dostonjon
7055,qutfiddinov
7102,AA9184274
6100,jalilov.abd
6104,daddem
7074,jovohirbek2000
6444,m.sharipov290
7076,maksudxanov
6107,r.mukhammadrizo
7075,o.bobojonov
6110,f.xolikova
6126,312_Nurullayev
6440,j.abduhalilov114
6130,312_Darveshov
6153,312_Toshtemirov
7077,Sayfiddinovsh.2000
6149,312_Obidjonov
6122,d.diyor
7078,j.aytbekov
6148,312_Murodillayev
6145,312_Hasanov
6142,312_Parpiyev
6139,312_Abdusalomov
6124,t.zamira
7080,a.torabekov
6136,312_Uroqov
6413,Ulmasbek8585
6133,312_Tuychiyev
6127,i.izomov
7081,u.ibrohimov
6131,sh.suvonov
7084,r.norov
6613,mirjalol114
6134,mardonkulov.o
6182,312_Abdukhamidov
6137,h.nasriddinov
6584,Sunnatillo47899
7086,mirzoyevaziz21
7087,b.rasulev
6140,r.rustamjon
7088,98Dilshod98
6147,odilov.b
6150,a.zilola
7089,egamberdiyev77
6598,ibrohimabd4777
6154,o.sayidkarim
6840,AB4148400
7091,m.xayrullayev
6158,a.mirzaev
6156,312_Mamadaliyev
6161,m.usmonov
6160,312_Isroilova
6861,AA0459378
6165,312_Muminjonov
6558,narimontoy65
6164,ergashev.k
6875,AA8559961
7092,a.xasanov
6550,mairjaxon863
6817,AA9527107
6167,312_Isroilov
6171,312_Shodmonov
7093,shvets
6174,312_Rahmonov
6476,arabboy3332
6176,312_Axbutayev
6179,312_Odilov
6188,312_Toxirov
6191,312_Olimov
7095,abdulazizmaxmudov
7096,kushkarov
6992,g.dilshod
6573,qodirovabd254
6993,a.abdurahim
6065,charos
6580,sarvarnarz25
6994,j.jahongir
6995,x.ismoiljon
6610,raximjonovak5423
6618,Shuhrat595
6576,qaroliyevabd55
6996,a.zokirjon
6605,bozorovabdu22
6437,shukrillojura332
6997,t.javohir
6591,elburs400
6623,abdulloh0887
6998,m.jasurbek
6999,r.sardorbek
6621,muxammatsodiq8363
6990,shaxzod
5045,egamberdiyevshuxratjon2
6942,m.azizov
8446,j.asqarov
6943,o.abdirayimov
6944,a.eshpulatov
6945,s.yuldashev
6911,j.yormatov
6947,u.xomidov
6948,s.mardiyeva
6949,sh.rahmatov
6950,s.azamov
6951,i.manshin
6952,a.zamanbekov
6954,i.ergashev
6955,u.ilyosov
6956,sh.uktamjonov
6957,m.axmadullayev
6958,m.shavkatov
6959,b.muxamedov
6960,y.kan
6961,vasiliy.pak
6962,b.abduvaxobov
6963,u.fayziyev
6964,a.amanbayev
6965,j.toxtayev
6966,a.asmetov
6967,j.xamidov
6968,i.yulchibayev
6969,b.ahmadaliyev
6912,h.raxmonov
6913,sh.rasulov
6914,j.xazratkulov
8472,AB4041057
6863,AA0175321
7159,avezovbekzod
6707,hojimurodov6628
6915,f.xushnazarov
6667,davron4562
8480,IBROXIMOV SHUKURJON
8271,MUXAMMADIYEVA
8488,YORKULOV JONIBEK
7053,8556928
7056,8556902
7057,8556797
7059,ayrat
6869,AA7025897
8487,M.TATU
7060,aabdumannobov
7061,8556890
7062,8556684
6873,AA0063258
7063,8557000
8452,SOBIROV
8454,KARIMOVA
7065,8556989
7066,8556996
6727,AB7425493
7070,rejas
7071,8556721
7073,Hamraev
8458,RAKHMONOV
8461,KHUDOYOROV
8512,nynok
8514,8556703
8463,MIKHAIL
8465,TOSHKHUJAEVA
3080,Ahmatxonovnodirxon2018
8449,FAYZIEVA
8468,ERNAZAROV
8474,DOVRONOV
3082,Mamarajabovanilufar2018
3084,Rozikovmansurjon2018
8475,AKJIGITOV
4048,h.chorshanbiyev1999
4092,arslonovsherbek3
4096,teshayevshuhrat1
4099,Eshqul1
4103,kamolovdoston1
5044,buriyevmirsaid2
6057,Yuldashevfazliddin2018
5087,Ziyoviddin321
8527,PARDABAEVA
8482,TALIBJANOV
5094,Jaloliddin874
8485,AKHMEDOV
8491,AKBARALIEV
6066,Murodoverkin2018
6162,Abdullo444
6069,Tojimurodovsherali2018
8494,SHKRET
6081,Bozorovazizbek2018
6102,shaxzod4122
6088,Xayitmurodovobid2018
6116,barchinoym332
8499,KHUJAEV
8501,RAKHMANOV
6074,Shomurodovabdurahmon2018
6138,behruzbaxromov5544
6144,shohruhxonroziqov324
6152,abdulayevan3652
6155,isroilovazam536
6159,odilbekovamuxlisa
8381,SHODMONOVA
6173,Begzodbek34525
6177,xoliqovruslan
6181,mustafayevamadina
6189,raxmonovnuriddin
6194,ergashevdoston
6197,shaymanov777
6199,Usmonovazamat
6203,Baharoy777
6205,Komoliddin111
8549,saidjonov
6226,Hojiakbar777
8551,indira
6229,gulruh1122
8554,nuriddin
8555,tillaev
8558,nilufar
3063,Turgunovakmal2018
8384,BOZOROV
8387,O`ROQOV
8393,QARSHIYEVA
8403,XOLTURAYEV
8400,MAXMUDOV
8383,AXMADALIYEV
8386,ANVAROVA
8568,kamol
8401,NURBOYEVA
8405,YO`LDOSHEVA
8408,MUZAFFAROVA
7402,khasanbaev
8410,SA`DULLAYEVA
8414,SHAXRIDDINOVA
7432,abbosusmanov
8415,SHJARIF O`GLI
8416,AKMURADOVA
8417,REJAMATOV
8418,QURALOV
8422,IBRAGIMOV
8423,NORTOJIYEVA
8424,ABDIGAPPAROV
8411,ESANOV
8426,RAKHMATOV
8427,ESHONKULOVA
8429,KURBANBAYEVA
37,komila
8430,MATNIYOZOV
1038,jakhongir
1037,rashidov
1039,nurmukhamedov
8420,KAXOROV
1040,khoshimov
1041,shakhboz
1042,mirshod
1043,murodjonman
8579,khurshidbek
8532,Mirholikov
8581,islomjon
8489,QUZIYEVA
8582,khidirov
8377,KOMILOV
8421,JO`RAYEVA
1045,farkhod
8569,Sh.Sobirova
8375,UMAROV
1046,khakmirzaev
1047,karimberdiev
1048,khalimov
8448,NOMOZOVA
1049,khusainov
1050,odilov
1051,khusanov
1052,zarnigor
8450,TURDALIEVA
1053,abdurakhimov
8502,DUSQOBILOVA
1054,mukhriddin
8364,BOYMURODOVA
6234,Shoxsanam55
1056,turakulov
8517,TOSHTANBEKOV
8412,GULZODA
6236,Baxtiyorjon1133
8373,SAYDULLAYEV
8469,ITOLMASOV
6244,Abduvosit4455
8457,ABDURASULOV
8392,MELIXO`JAYEV
6256,Dilshod321
8451,CHORIYEV
6278,Mirkamol1122
8445,FUZAYL O`G`LI
6281,Elyor98
6292,Mirjalol7766
6296,ortiqovbahodir
8524,QAYUMXO`JA
6300,sharofiddin55717
8509,ISMOILOVA
6317,Firdavs47956
8537,NASRIDDINOV
6335,Farhod43343
8369,RASULOVA
6338,husen50040
6352,mardon35774
6354,mingliyevjamshid
6356,muhammad99580
6366,Shoxrux39809
6371,javohir4747
6373,Jahongir7878
6379,shoira6565
8584,A.Yuldoshev
6406,Sardor75272
6415,Farrux3223
8587,I.narzullayev
6418,rafiqulla5214
8589,g.shoniyozov
6422,a.turdimatov435
6428,Yaxyo5757
8510,RAXMONQULOV
6431,Suxrobjon71710
8590,ABDUKAYUMOVA
8570,?
8571,O.Omonov
8573,M.Odinaev
8574,X.Jamalov
8585,z.olmasxojayev
8580,B.Murodullaev
8595,S.Maxamatov
8583,s.rozimatov
8597,Sh.Sodiqova
8591,X.Jabbarov
8593,T.Xamroyev
8594,D.Axmedov
8596,I.Shayxov
7072,firdavs.1299
6916,b.absamitov
6917,a.rustamov
6918,a.erdonov
6919,a.toxirov
6920,sh.normatov
6921,sh.toraqulov
6922,k.mahammadaliyev
6923,a.fayzullayev
6924,m.astanaqulov
6925,r.jaloliddinov
6926,sh.zaripov
6927,x.ubaydullayev
6928,n.safarov
6929,m.mamadaliyev
6930,y.dyakov
6932,i.abdunazarova
6933,d.qurbonov
6934,f.toraqulov
6935,m.eshonqulov
8598,a.akmal
8376,ARABBOEV
8599,B.Axtamov
8378,ALIKULOVA
8600,O.Berdiboev
8380,VOKHOBOVA
8382,SHARIFOV
8389,BAKHTIYOROVA
8394,NORMURODOVA
8395,JURAEVA
8396,MIRZOKHIDOVA
8397,NASRULLAEV
8399,YOKUBOVA
8409,KHUDARGANOVA
8413,RAKHIMOVA
8455,IBROIMOVA
6215,rasulov
1058,akhadjon
1059,ikromovdilshod
1060,jumanazarov
1061,akhror
8460,SHERALIEVA
1062,abdulatif
8466,BERDIBEKOVA
1063,kholkazakov
1064,doniyorjon
8477,m.SHERALIEVA
1065,botirbek
1066,abdumannopov
1067,khumoyun
1069,javokhir
1070,shukhratov
1071,isabekov
1072,yorkinjon
1073,odiljon
6430,togaev
8479,ABDURAKHMONOVA
6425,nortoshev
8504,ISMADIYOROVA
8506,RAZZAKOVA
8511,FAYZULLAEVA
8513,IBROGIMOV
8603,botirov
1074,gafforov
1076,ortikjon
1077,toyirov
8516,KHAYDAROV
8518,MANSUROVA
8519,RUZIKULOVA
8521,SIROJIDDINOV
8526,RUSTAMOV
8608,elyorjon
1081,odamov
1079,sherzod
1082,usmonov
1083,javlonov
3083,eshboltaev
7436,inomjon
6622,ergashev
4082,alisherjon
8620,sherali
8621,mulloev
2039,khurshidjon
2040,ibrohimjon
2041,rakhuzakhon
2042,khidoyatbek
7435,khurramov
2043,shoyimov
2044,erkinov
2045,gafurov
2046,sadulloev
2047,azamat
8434,Abdukarimov
6709,Jurabek7661996
8612,J.Gulomov
6836,Maqsuda4644228
8624,J.Tursunaliev
8626,A.Aliev
8629,Sh.Yoshuzoqov
6842,Shahzod7559629
2048,abdiakhadov
2049,abdusalimov
6839,Jaxongir3544423
2050,tojiev
8632,A.Temirov
8630,A.Meyliev
6678,Farhodjon1646365
2051,dinora
6665,Asadbek7396772
2052,fozila
2053,narzullaev
6848,Jamshidbek2318687
3043,amirbek
6859,Eli-Raxmon9662775
6837,Moxirjon7293039
6841,Shaxzod3945757
6489,Ismatov8612845
6490,Ahrorjon8479827
8636,Sh.Qoryogdiev
8640,M.Mirsamiqov
8641,U.Otajonov
8642,A.Usarov
7459,sanobar
8653,abdugafforov
8648,Sh.Nabiev
8651,D.Pazilova
8660,Y.Quvatov
8664,F.Joraboev
8667,D.Xasanov
8674,mukhamadaliev
3048,oyatillo
3050,akhmatov
8678,khayrullo
8677,G.Jorayeva
8681,J.Normatov
8689,temur
6582,turonov
6586,sevinch
6589,ikhtiyor
7757,AB3748690
6593,choriev
6596,bakhodir
6603,maftuna
6607,islomkarimov
6614,kholmurodov
6615,juraev
8701,avazov
8708,ibrokhim
6616,samsokov
6619,dilnavoz
6625,abdullaevjasur
6626,kobiljon
6627,khasanov
8687,S.Sharipov
6628,gulomjonov
8690,N.Qarshiboeva
8692,D.Qutlimuratov
8529,A.CHORIEV
8530,N,RAKHIMOVA
8533,KHADJIBAEVA
6630,sherkhon
8694,F.Qobilov
6631,ramzjon
8699,E.Mo’minov
6632,ulugbekergashev
8700,J.Dosmuxamedov
8705,M.Nigmanov
6815,Raxmatulla8608023
6681,Dilshodbek1442978
8535,D.AKHMEDOV
6852,Sherzod5356040
8536,KOMILOVA
8539,RAJABOVA
8541,DAVRONBEKOVA
8543,RAKHMATOVA
6782,Miraziz4429742
6846,Moxina5316944
6676,Shahzod1655584
8720,G.Jumatova
8723,A.Isoqov
6683,Ziyodullo1723483
8544,IBODULLAEVA
8725,U.Xamdambekov
6768,Javdatbek1941463
6771,Kamola8589757
6748,Afzalbek5905399
8547,YULCHIEVA
8548,KAMOLOV
6765,Shuxratbek6055606
8550,TURDIEVA
8553,ISROILOV
6672,Islombek1285188
8557,BALTAKHUJAEVA
8559,MIRMURODOV
6751,Saken9245321
8560,KARSHIEVA
8561,D.IKRAMOVA
6784,Aziz5677123
8562,ERMATOVA
8563,MAKHMARAYIMOV
6774,Murod7637047
8564,E.KHOSHIMOV
8565,AVAZOVA
6759,Diyor8295396
8566,SUYUNOV
8567,MUSTAFOEVA
6755,Sardorbek7760217
6714,Umidjon3002783
8734,A.O’roqov
8718,E.Sunatillayev
8739,f.yusufxojayev
8724,R.Norboyev
8726,A.Mubashirov
8727,D.Akbarxonova
8729,D.Jo’raqulov
8732,Q.Raximjonov
8733,Z.Irismetov
8735,O.Xasanov
7822,AB0165083
8048,AA3794722
8061,AA2694794
8728,M.Asamov
8067,AB4281654
8074,AA6597108
8152,AB6220505
8154,AA9352686
8153,AA2535239
8150,AB1418243
8149,AB3609676
8145,AA2708269
8144,AB6526254
8143,AA1427233
8141,AA6897984
8730,B.Azatov
8731,M.Amanova
8139,AB3108890
8736,N.Mirzaeva
8137,AA9540242
8738,A.Xayitov
8740,A.Nabijonov
8135,AA6521493
8743,F.Kamolidinov
8741,M.Karimov
8744,M.Allanov
8132,AB0212843
8745,A.Chorshanbiev
8746,F.Qolieva
8130,AA6880014
8107,AB0246740
8747,F.Shamsiev
8750,B.Nurnazarov
8751,S.Akbarxojaev
8752,J.Zoirov
8748,Vitakiy.P
8079,AB3030750
7831,AA8936600
8094,AA0164685
8102,AA8914189
8111,AB8348210
8765,XUSNUDDINOVA
8115,AB5014318
8118,AA1980063
8122,AB4985287
8126,AA7743997
8147,AA9362528
8770,ISLOMMAVLUDA
8761,M.Amonkeldiev
8764,O.Azimov
8766,b.inomxojaev
8771,A.Sultanov
8772,b.sadullaev
7083,Muydinov_Asadbek
7101,Tursunov_Izzatilla
8773,B.Utkirbekov
7103,Soliyev_Farziddin
7104,Usmonov_Axrorjon
7105,Ashuraliyev_Xondamir
8774,S.Saloxiddinova
7106,Tuxtasinov_Abdullaziz
8775,Sh.Sominosov
7107,Abdullayev_Umidjon
7109,Xabibov_Abdimajid
7110,Tolipov_Qudratbek
7112,Xatamov_Rustambek
7113,Muhammadjonov_Dilshodjon
7114,Urinov_Sherzodjon
7115,Karimov_Doniyorbek
7117,Jakbaraliyev_Mirzoxidjon
7118,Bekmuxammedov_Bunyodbek
7120,Abdupattayev_Samandarbek
7121,Abdulazizov_Islomjon
7123,Maxamatibroximova_Mashxuraxon
7124,Qutliqov_Abdugofir
7125,Alijonov_Sirojiddin
7126,Odilov_Jamshidbek
7128,Qobilov_Xurshidbek
7129,Ismoilov_Muhammadumar
7131,Normuxamedov_Azamat
7132,Mutallibov_Salohiddin
7133,Tursunov_Akmaljon
7134,Mirzaraximov_Muxammadqodir
7135,Azamov_Zoirjon
7137,Komoljonov_Quldashboy
7138,Fozilov_Nodirjon
7139,Abdumalikov_Bexzodjon
7141,Muminov_Mavlonjon
7142,Aliyev_Abdullojon
7143,Sodiqjonov_Asadbek
7144,Salimboyeva_Odinaxon
7145,Abdullayev_Akmaljon
7147,Nurmatov_Dostonbek
7148,Sultonnazarov_Abrorjon
8643,R.ASHUROV
8776,A.Avazxonov
8777,S.Ehgashev
8778,M.Marasulova
8779,K.Votinov
8780,O.Fozilov
8785,Sitora2578670
6807,Xumoyun3802010
7151,Qodirov_Jaxongir
7149,Karimov_D
7152,Omonboyev_Muxriddin
8781,Q.Nasurullaev
7153,Abdusamatov_Shoxruxbek
7154,Usmonaliyeva_Shaxzodaxon
8782,s.toychiev
7155,Olimov_Olimjon
8783,J.Axmedov
6645,Narzullo9730490
7156,Mamatojiyev_Sarvarjon
8784,A.Suyarov
7157,Numonov_Muslihiddin
7230,Komolov_Bobirbek
7231,Solijonov_Boburjon
8786,S.Normuradova
8787,A.Artiqov
7232,Abdullayev_Murodjon
8788,A.Toirov
7234,Solijonov_Golibbek
7235,Yulchiyev_Farxodjon
8789,F.Atamuratova
7236,Ergashboyev_Islombek
7237,Sobirova_Namunaxon
7238,Erkinov_Dovudbek
7239,Ibroximov_Ixtiyorjon
7240,Maxammadov_Soyibjon
8791,NEGMATOVA
8794,D.TEMIROV
8795,EL`YOROVA
8796,H.MANSUROVA
8797,XAYDAROV
8799,JUMANOV
8793,F.Nurmuxamedova
8798,F.Umaralieva
8800,A.Suvonqulov
8801,G.Nazarov
8803,N.Matqurbonova
8810,M.Isfandiyarova
8812,M.Nurmatova
8804,M.Ikbalova
8805,X.Azizov
8807,D.Xabibullaev
8815,S.Ibodullaev
8818,Sh.Joldasov
8820,O.Saytiev
8824,M.Jaymitbaeva
8827,B.Yigitaliev
7464,sultonov
7438,nishonov
7439,kholdarov
7441,isomiddinov
7442,nosirov
7443,dilavar
7444,gayratbek
8841,islamoff
7445,abdiev
7446,kamola
7460,tillaeva
7449,ravshankhuja
7450,azizov
7451,javokhirbek
7452,izzatilla
7453,nurali
7454,nazarovnur
7455,sulaymonov
7456,saparboev
7241,Abduvohobov_Shuxruxmirzo
7243,Shukurjonov_Islomjon
7244,Maxkamov_Axmadjon
7245,Sultonova_Diloromxon
7246,Bozorov_Abduraxmon
7247,Kenjaboyev_Akramjon
7249,Nabiyev_Behzod
7250,Xoshimov_Foziljon
7251,Nematov_Abbosbek
7252,Xusanboyev_Islombek
7253,Ortiqboyev_Jaxongirmirzo
7254,Tuxtasinov_Ziyodbek
7255,Xomidova_Dilfuzaxon
7335,Mamatxalilov_Bexzod
7336,Fayziyev_Asadbek
7338,Farmonov_Doniyorbek
7339,Foziljonov_Bahromjon
7341,Xoliqova_Maxliyo
7342,Latifov_Shukrillo
7343,Egamberdiyev_Mirodil
7344,Maxamadaliyev_Doniyorbek
7346,Mahkamov_Jasur
7347,Qodirov_Yaxyoxon
7348,Abdusalomov_Kamronbek
7349,Zokirov_Sarvar
7351,Shamshiyev_Azizbek
7352,Eminov_Sherzod
7353,Obidova_Mohichexra
3076,turajonova
7354,Xolmatov_Azimjon
3079,anvardinov
7355,Hakimov_Kozimbek
7356,Xoshimjonov_Ismoilbek
4044,nazirov
7357,Gofurov_Shohruh
7359,Xomidov_Ravshan
4047,khamidoff
7360,Jurayev_Koyilbek
7361,Karimova_Nadejda
4049,mukhammadjon
7362,Tursunov_Axmadali
7364,Shakarboyev_Shahboz
7365,Axmedov_Iftixor
4052,sanjarbek
4055,rajaboff
4056,akramoff
4062,madjitov
4066,salomov
4069,tukhtoshev
4072,kakhkhorov
4094,makhmudov
4100,sarikulov
5056,gulmamatov
5061,irisboev
5065,nabijonov
5077,bakhodirov
8890,rizoev
5085,orifkhuja
5088,yusupov
6064,mardiev
6128,sheronov
6143,yokubjon
6151,tursunbaev
6157,kurbonov
6163,shirinkulova
6170,mirzaabdullaev
6175,mardaev
6183,yorkin
6202,salimov
6206,fattoev
6213,adilov
8844,Sh.rahmonberdiyev_rf
6217,rasuloff
6219,fayzullokh
8847,B.abdullayev_rf
6225,sattoroff
8854,A.abdullayev_rf
6230,farmonov
6239,buzakhro
8850,B.ochilov_rf
6248,davronbek
8852,B.tilovova_rf
6257,abdulkhayit
8856,A.qodirov_rf
8889,R.qodirov_rf
8858,J.gayazov_rf
6288,yuldoshov
6301,shermukhammad
8859,D.nomazova
6327,mekhrilloeva
6333,amirdin
8861,Z.iskandarova_rf
6350,norboev
6358,akhliddin
8862,Sh.afzalov_rf
6365,shohzod
6370,makhfuza
8863,S.sobirjonov
6375,norov
7034,nurov.sh
6383,shokhzod
7039,kamolov99
6389,mirzabek
7043,odiljon27
6393,zokirjon
6399,solijonov
7044,Feruz7722
6401,zokhidbek
6403,arslonov
7045,Ziyodulla
6417,abdukhalilov
6439,solikhonov
7051,RS1998
7052,kholmatov99
7098,erkaibragimov
7099,malcour
7100,qaqnus
7108,Flint.NKS
7116,nazimov
7122,USO1998
7127,srimbetovislam
7130,jamshid.uz
7140,v.timur
7146,shaxzod1212
7160,Nadya
8864,M.mamatov_rf
8869,J.oskanov_rf
8871,S.qarshiboyev_rf
8874,J.mardanov_rf
8878,F.xojimurodov_rf
7458,sharofiddin
8879,D.masharifov_rf
8883,J.maxmudov_rf
8880,D.raximberdiyev_rf
8886,I.jamoldinov_rf
8887,F.abdulakimov_rf
8892,S.hamidov_rf
8894,R.ismoilov_rf
8897,F.sayfitdinov_rf
7722,x.husniddin
8899,M.fatxullayev
8909,mustokov
8898,M.maxsitaliyev_rf
8910,sardorjon
8911,pulatjon
8912,kholikov
8913,shokirova
8914,abdulboriy
7038,BekhzodIsomiddinov
8915,abubakr
8916,sanatjon
8917,toshpulatov
8918,ergashaliev
8920,anasov
8919,omonov
8922,nurislom
8164,AB2177370
8921,sulaymon
8167,AB0585232
8923,nurullaev
8166,AA2426982
8924,husanov
8925,aybekov
8926,khamidullaev
8927,mumtozbekov
8928,yaxyoyev
8929,buzrukov
8930,erkinoff
8934,bektayev
8936,abdurakhmonov
8937,mirvokhid
8172,AA3861753
8939,akhmadjon
8174,AB 1367154
8942,mirnazarov
8176,AA0321680
8179,AA3376831
8180,AB0382567
8183,AB5824576
8184,AA9184042
8933,tojiboev
8944,zayniddin
8945,zoirov
8947,sayriddinov
8932,fazlidin
8188,AB2778929
8949,shahboz
8950,saidoff
8951,mukhammadoff
8189,AB1250218
8952,abdushukurov
8190,KA0997215
8954,eshmanov
8955,khojiakbar
8191,AB1128890
8205,AA7505646
8956,elmurod
8192,AA9243712
8193,AA9710515
8958,ergashboev
8957,abduvaliev
8194,AB3852615
7033,abdulhakimof20
8195,AA3210684
8202,AB4064874
8959,aslonov
8960,toshboeva
8196,AA9870523
8200,AA5947738
8197,AB5111167
8961,sappokhonov
8199,AB4689309
8198,AA8063567
8962,nusratov
8963,mavlon
8964,bekmuratov
8965,ochilov
8966,norboevelyor
8967,zulfikorov
8968,nizomiddin
8969,oltiboev
8970,murotaliev
8972,utashov
8971,nurmatova
8973,bobirjon
8975,toshpulatoff
8974,khushvakov
8977,burkhonov
8976,mukhammadali
8979,normamatov
8978,sulaymonoff
8169,o.pulatov
8162,m.ollohberganova
7751,D.Muzakbarov
7752,J.Tursunboyev
7754,A.Sharipov
7758,I.Kushakov
7760,D.Gulomov
7761,E.Abdurahimxujayeva
7770,M.Rahimboyev
7773,K.Mustafayeva
7777,A.Sadullayev
7780,Sh.Shuxratov
7782,AA0875455
7788,A.Zabihullayev
7789,Feruz98
7793,R.Abduraxmonov
7797,D.Isroilov
7806,D.Sherov
7810,Q.Ruziyev
7838,N.Bobomurodov
7841,U.Qadamov
7844,U.Baxriddinov
8138,A.Islomqulov
8140,E.Rajabboyev
9026,a.muxamedov
7830,sh.gofurov-tr
8282,j.mominjonov-tr
7425,xudoyqulov_b
7428,zarpullaev_u
7431,erbutaev_l
7434,nodirov_t
7437,siddiqov_o
7440,sirliboev_h
7872,sherqulov_sh
7883,yusupov_d
7889,allaev_s
7892,olimov_j
7897,xujamurodov_j
7901,quvondiqov_x
7902,xushvaqtov_a
7903,usarov_f
7953,turdiniyazov_sh
7954,saloxiddinov_a
7956,muysinov_o
7959,narziev_b
7961,abdurasulov_v
7965,soriev_a
7970,ochilov_r
7976,isrofilov_b
7985,yarmamatov_sh
8000,mardonov_i
8008,nematov_d
8025,salomov_g
8030,uralov_sh
8052,islomov_sh
8057,xalilov_e
8076,xakimov_o
8083,sayfiev_d
8087,qilichov_sh
8098,xazratqulov_q
8104,ramatov_m
8112,qurbonov_m
8116,ostonov_o
8119,xamdullaev_g
8124,aminova_d
8128,lapasov_b
8131,abduvaitov_b
8136,ikromova_s
8146,hamidov_j
8148,toshmurodov_a
8151,mirzaev_m
8341,xamrokulov_o
8345,elbegiev_q
8357,toshqulova_l
8361,samandarov_x
8365,yusupov_o
6827,Azizjon6464220
8698,muminov_sh
9036,MUQUMOV BAXROM
9027,abdullaev_o
9028,barotov_o
9030,azimova_n
9031,ravshanova_b
9032,mirzabekov_m
9033,radjabov_s
9029,ibragimov_i
7863,shokirov_g
7876,axmedov_s
7893,erkinov_sh
7898,sadulloyev_sh
6832,Xurshidbek3571342
8802,abdiyev_a
7366,omonov_s
8806,sayfullayev_l
8808,abduraufov_j
7955,nasriddinov_a
7370,isomiddinov_sh
7958,nishonov_d
8811,jumayev_ma
8814,xudoynazarov_b
7378,xudoyberganova_m
7381,o’sarov_z
8817,abdullayev_a
8819,samatov_m
7384,rabbonaqo’lov_o
8821,samariddinov_s
8823,bekqulov_t
7386,yuzboyev_x
8826,norjigitov_o
8829,shukurov_s
7388,mamatov_i
8831,ismoilov_m
7391,baxriddinov_f
8838,maxmadiyorov_f
8840,murodqulov_d
8843,ovliyakulov_h
7393,ziyodullayev_sh
8845,mustapayev_a
9040,Aleksey9982133
7396,shukurov_r
8849,samiyev_a
8853,berdiyev_e
7398,haydarov_b
8873,boymirzayev_z
8876,babanov_o
8881,isoqov_m
7405,tilovov_o
8884,raximov_f
8904,rasulov_sh
9006,gadoyev_sh
9010,nurulloyeva_f
7960,maxmudov_j
7407,omonov_sa
9012,tursunov_a
7963,bozorov_d
9020,tugalov_sh
7968,xolmatov_n
9023,kubayev_o
7981,abduganiev_z
8888,imomov_d
9042,Sarvarjon5087977
7409,urolov_a
7992,xamidov_i
8893,davronov_m
8980,daminova_u
7410,mirxolov_m
7998,ubaydullayev_j
8981,usanov_s
7411,eshnazarov_b
8004,keldiyorov_a
8989,fattoyev_m
8990,raximov_sh
8009,abduazizov_s
8991,alibekova_u
8992,nomozova_s
8014,saidqulov_e
8993,boymirzayev_s
8994,safarov_b
8020,sadullayev_sh
8995,nurmanov_q
8996,bulakova_d
8023,sadullayev_a
9045,kuvondikov_a
8997,qodirova_f
8031,qamarov_v
8998,toshqulov_z
9047,Shaxbozbek9396376
8999,abdiyev_b
8037,asadova_g
7412,latipov_sh
9000,axrorova_f
9001,omonqulova_sh
8045,abduraximov_a
7413,abdukarimov_j
9002,muminov_b
9003,amonov_u
8070,saydullaev_s
7666,bozorboyeva_m
9004,xabibullayev_u
9005,nurmuhammedov_a
7723,normurodova_e
7727,to’yev_m
9048,kminajatdinova
9050,muzaffarov_b
7735,abduzuzurov_s
9044,oqmirzaev_a
9049,axmedov_m
7740,mirzoyev_i
9043,norboboev_s
9041,rustamov_s
7744,xudoyberganova_sh
8075,saidmurodov_a
9052,Bekzod6501011
9038,ravshanov_m
9035,chuliev_n
8078,aliqulov_s
9034,ixmatov_j
8091,urishboev_x
8085,sattorov_b
8089,bobayorov_r
7748,shodiyev_sh
9054,ismailov_j
9055,suyunqulov_m
9051,imomov_x
7749,o’ralova_m
9053,toshtemirov_m
7779,nasimov_f
7784,tuxliyev_r
9056,Sarvar1918191
7794,bektoshev_sh
7798,xayrullayev_a
9057,mavlonov_m
7802,isoqulov_k
7812,shukurullayeva_sh
8063,abdullayev_az
8572,aliqulov_a
8575,haydarov_z
8577,zaripova_n
9060,Abdulaziz1342797
8578,shamiyev_g
8813,berdiqulov_b
8816,allayarova_f
8825,rasulova_g
8828,turdimov_f
9064,Azim4093002
8830,uralov_s
8832,ergashov_j
8833,avalboyev_m
8834,bobomuratov_j
8835,pardaboyev_a
8836,ulashev_j
8837,avalboyev_o
8839,abilqosimov_sh
8842,sayfiddinov_n
8846,fayziyev_sh
8848,amirov_d
8851,o’rolov_a
8855,abduraimov_sh
8857,adirov_s
8860,raxmatullayev_a
8865,davronova_d
8866,azizov_t
8867,norberdiyev_sh
8870,yaxshiboyev_j
8872,sanoqulov_sh
6776,Nozimaxon16547
8877,muxitdinov_a
8882,axtamov_s
8885,uralov_sa
8895,jo’rayev_o
8900,toshnazarov_s
8901,toshpulotova_m
8902,murodov_y
9090,kamoladdin9676639
8903,rashidov_a
8905,shukuriyev_s
6831,Jasur9272711
8906,Nasimov_m
8790,ARABBOYEVSHAHZOD
8907,vafoyev_d
6757,Shaxzod6504727
8908,saliyev_d
8982,uzoqov_a
6833,Farrux6434777
8983,toshtemirov_u
8984,narziqulov_z
8985,mamarashidova_n
8986,baxriyev_b
8987,kerimov_y
8988,hikmatov_g
9007,nishonov_m
9011,meliqulov_azimjon
8344,KHUJANIYOZOVA
8407,M.BAKHTIYOROVA
8419,LITVINOVA
9014,ibodullayev_j
9015,qurbonov_o
9016,safarov_a
8425,KHATAMOVA
8431,a.mazumova
9018,turdiyev_m
8433,NAZIROVA
8436,ZOKIROVA
7900,sadulloyev_sha
8437,MALLABAEVA
8438,MADAMINOVA
8440,ASADULLAKHONOVA
8441,KHASANOVA
9084,karimov_a
8442,RADJAPOV
8443,KAMALOVA
8444,SELIVANOVA
9082,rahmonov_a
8447,BOTIROVA
8406,SAGDULLAEVA
9079,ergashev_i
8462,YULDOSHEVA
9077,raxmatova_a
8471,SARDAROV
8473,PULATOVA
8476,JUMABAYEVA
9074,boyqorayev_z
8483,DO`SMETOVA
9073,umerov_e
8500,KHASANOVKHAFIZ
9072,po’latov_o
8508,N.SULTONOVA
8515,YULDASHEV
9070,xamidov_ib
8522,MUSTAFAEVA
9105,Xojiakbar5932345
8525,SHORAIMOVA
8531,PLETUXINA
4060,IZZATULLAYEV FIRDAVS
9058,sattorov_j
8540,SOFIYEVA
8552,MAXAMADJONOVA
9059,abduhalilov_a
9061,qayumov_p
9062,temirov_r
6766,shoxista93999
9063,asadullayev_sh
9065,obilov_s
6761,dilshoda34401
9066,nuriddinova_s
6685,mirzohid18946
9113,N.axroriddinov
6778,shamsiddin9046
6638,xumoyun90320
9067,kenjayev_m
9068,ergashev_il
9069,quvondiqov_s
9071,mardiev_o
6828,sherzod54890
9076,jo’rayev_sh
9081,ismoilov_l
9083,tangirov_s
9087,xolboev_d
9114,SAYFULLAYEV
9117,Bahodirjon34240
6641,Jahongir55354
9121,ALIYEVA
9088,jo’rayev_a
9118,KOLINENKO
6687,Bekzod60699
9120,SODIKOVA
9124,ABDUKODIROVA
9116,UBAYDULLAEV
9127,chorshanboev
9128,yusupoff
9130,abdurakhmanova
6666,Inomjon31943
6809,Eldor50
9144,anvarkhuja
6664,Shaxnoza2508
9150,Mohirjon7430979
6830,Toxir6516832
6794,Odiljon43330
6826,Jahongir95225
9166,Isroilov666377
6806,Jasurbek3184553
6738,Amirhamza63838
8484,KHAMIDOVA
9177,SH.KARIMOVA
9182,ESHKUVVATOVA
6132,SAYPIYEV ORZIMUROD
9187,Ibroxim7810607
9191,AZLAROVA FARZONAXON
6647,Karimjonov4291122
6435,Shohruh34545
6742,Ulugbek85153
9198,SHOKIRJONOVA NILUFAR
9126,m.eshmatov
9204,j.omonov
7002,o.yoriqulov
6838,Afzalxo’ja900
7019,f.orinov
7015,z.toshtemirov
6829,Davlat5394112
7028,sh.numonjonov
9206,Umidjon771
9208,BOLTAYEV SHAXRIYOR
9210,Bekzod900
7016,n.daminov
7017,j.rahimov
6770,Oybek387
7023,i.yusupov
7003,d.asqaraliyev
7004,d.normurodov
7005,d.ibragimov
7007,a.hafizov
7008,x.shirinov
7009,i.babanov
9141,RAXMATJONOV AZIM
7010,a.normuminov
7011,j.pardayev
7013,b.musoyev
7014,s.otajanova
7018,f.rustammuhammad
7030,u.sharifov
7021,i.sulaymanov
7026,i.buxorov
7027,d.xusanboyev
9226,urmonov
9284,Abdullaxon4212796
9296,Sherzod300
9300,sevinchev
9304,ubaydullaevfayzulla
9224,elbekjon
7029,m.xolboboyev
9317,gavkhar
9325,orazbaev
9326,rakhimoff
9327,kurbaniyazov
9329,khayotjonov
9332,yuldoshshaykhov
9333,musurmankulova
9335,sherzodbekerkinov
9337,mirzakarimov
9340,mashkhurakhon
9341,kural
9343,kodirkhonov
9345,sayfiddin
9346,dmitriy
9347,kalandarov
9351,zairov
9353,erkinjonov
9356,akromov
9370,iskandar
9373,murodbek
9375,khudoynazarov
9377,sagatova
9378,ildar
9381,khafizov
9385,iskandaroff
9389,abdukahhorov
9390,kudratov
9391,rakhmanoff
9394,dilkhush
9395,kamila
9402,kosimova
9406,khazratov
9430,kurbanoff
9431,toshev
9433,istam
9436,azizbekrakhimov
9438,tursunboev
9440,khamzakulov
9442,nomozov
9445,bekibaev
9446,asadullaev
9448,timirov
9452,erkinjuraev
9462,doston
9467,ibrohimbekrakhmonov
9469,usmonoff
9470,nuraddinov
9472,ilhomovich
9473,jumaeva
9475,mamatoff
9479,atajanov
9483,ilhomiddin
9485,ismatova
10486,ziyatov
10488,diyorov
10489,khakimoff
10491,begmatov
10493,jumaev
10494,zokirov
10495,yuldoshev
10497,abdullayev
10499,isogaliev
10502,mukamov
10505,erniyozov
10508,ergashevsh
10511,ochiloff
10516,sanjarkhuja
10523,sharipovislom
10524,vadim
10526,anorboev
10528,ilnur
10530,shakhriyor
10531,dinara
10532,ismoil
10534,alimov
10536,m.dunyodil
10537,sulatnovj
10539,gofurov
10540,ertaev
10541,vladislav
10542,djan
10543,davlatbek
10546,akbarkhasanov
10547,nurmuratoff
10548,musobek
10551,nikita
10555,ismakov
7164,ArichaS
6500,BUSHUYEVA MARINA
6423,SANAYEVA MASHXURA
9194,BAXRONOV GINISHER
9134,SAIDOV JAXONGIR
9149,MASHARIPOV XUSANBOY
9147,KOMILOV SUNNATILLA
9152,JORAEV DAVRON
9158,BABAYEVA MUNAVVAR
9161,DADAXONOVA NARGIZA
9165,SAMIQOVA IRODA
9172,SHOMAXSUDOV SHOIBROXIM
9175,SHOMAXSUDOV SHOISMOIL
9179,NURIDDINOVA FARIZA
9181,KARIMOV SHAXZOD
9183,ABDULLAEV SARVAR
9190,YULDASHEVA MATLUBA
9193,TURSUNOV SHAHBOZ
9202,IBRAGIMOV JAVLONBEK
6470,muxtorovislomjon77
9225,BEKOV SHAHZOD
9220,BAHROMOV HASAN
6983,1862001
6985,1862002
6987,1862003
6988,1862004
6989,1862201
7766,1862005
7771,1862006
7775,1862007
7778,1862008
7781,1862011
7783,1862013
6642,ismatjonsaidov
6639,karimovadiyora
6857,Ergashevshoxrux98
6436,kamrontojiyev22
6442,muxammadbotirjon
6446,hqdavronjon
6449,oqilamustafoyeva
6452,shoxruxumarov1778
10668,x.muxlisa
6483,UMARJONOV AZAMAT
6506,ERGASHBOYEV JASURBEK
6447,ABDURAZZOKOV FARRUHBEK
6509,f.ozodxojayev
6441,AZIZOV LUTFULLA
6464,SOTVOLDIYEVA KOMILA
6451,IBRAGIMOV RUSTAM
6458,XAYRULLAYEV JAVOHIR
6669,sh.gapparov700
6455,i.ergashev400
6457,e.quvonchbek
6466,e.madina
6643,j.karimov400
6650,h.nurmuhammad
6657,bolikulovg
6674,i.donayev
6699,s.toshtemirov4
6695,s.dilshodbek
6700,z.jamshid
6705,m.fazliddin
6720,t.ikrom
6734,q.shohrux
6737,a.jasurbek
6740,n.suxrob
6746,a.abdujamol
6763,a.otabek
6780,x.temurbek
6788,a.botirjon
6796,y.saodatxon
6798,y.komiljon
6805,komiljongulomov
6808,aqliyor
6816,d.zakirov
6820,sh.xudoyberdiyev
6877,n.isaqjonov
9039,raufovxojiakbar
9111,m.kenjayev
7257,Omonboyev_Ismoiljon
7258,Qurbonova_Gulruxsor
7259,Urmonov_Diyorjon
7260,Shaxobidinov_Abdusalom
7262,Ergashov_Javlonbek
7263,Toshpulatov_Muhammadali
7264,Ergashaliyev_Qayumjon
7265,Ubaydullayev_Axadjon
7266,Sultanaliyev_Ixtiyorjon
7268,Ismoilova_Nigora
7269,Dadaboyev_Maxmudbek
7270,Mamatojiyev_Fazliddin
7271,Muxammadsidiqov_Akmaljon
7273,Soliyev_Qobiljon
7274,Oltmishev_Javoxir
7275,Abdullayev_Sherzodbek
7276,Marupov_Umarjon
7277,Yuldashev_Izzatillo
7279,Radjapov_Javoxir
7280,Mamirov_Omadbek
7281,Olimov_Magrurbek
7283,Abdupattoyeva_Madinaxon
7284,Jumaboyev_Behzod
7285,Abdulametov_Elyorbek
7286,Orifjanov_Shavkatbek
7287,Axmadjonov_Qudratjon
7288,Fozilov_Jasurbek
7289,Urinboyev_Umid
7290,Sattorova_Shoiraxon
7291,Tuxtashboyev_Maqsadjon
7293,Xolmatov_Shohruhbek
7294,Abdumajidov_Akmaljon
7295,Sulaymonov_Bekmurod
7296,Axmedov_Azizbek
7297,Fazliddinov_Farhodjon
7298,Abdullajonov_Sherzod
7299,Yulchiyev_Eldorbek
4064,SAYIDVALIEV DOSTONJON
7300,Aminjonov_Abbosjon
7301,Karimov_Dilmurod
7302,Tuychiyev_Sardorbek
7303,Nabijonova_Zulfiyaxon
7304,Qurbonov_Maqsadjon
7305,Inomidinov_Salohiddin
7306,Ashirmatov_Muxammad-Yusuf
7307,Tuychiyev_Javlonbek
7309,Ruzimatov_Abrorjon
7032,adxambek
7310,Mirzakarimov_Ilhomjon
7311,Jalolov_Zoirjon
7312,Matmusayev_Boburshox
7315,Xujanazarov_Baxodirjon
7316,Mamajonov_Jasurbek
7317,Karimov_Sardorbek
7318,Orifjonov_Hayotjon
7035,alisher07
7320,Abduqodirova_Mohizoda
7321,Ergashev_Umidjon
7322,Abdullayev_Alisher
7323,Maxammadov_Asiljon
7324,Nematov_Asadbek
7326,Xamidullayev_Sarvarbek
7037,xayrullo11
7327,Avazov_Jahongir
7328,Xurillayev_Muxammadrizo
7329,Akbaraliyev_Doniyorbek
7330,Sobirov_Surojjon
7331,Jurayev_Otabek
7040,amirxon110
7332,Xudoyberdiyev_Asror
7334,Mullajonov_Kamoliddin
7042,doston106
7046,azamat96
7048,muazzam88
4068,YULDASHEV AZIZXOJA
4070,USMONOV SHAHZOD
4073,ROZIYEV OTABEK
4075,g.sirojiddin
4083,RIZZAYEV LAZIZBEK
4078,a.xolboyev
4080,SATIVALDIYEV ARSLONBEK
4085,BERDIMURODOV SALOHIDDIN
4088,GAPPOROVA NILUFARXON
4091,NORXUJAYEV BOBIRXUJA
4095,XOLMOMINOV DILSHODJON
7050,masudbek86
6117,XAYDAROV BEXRUZ
6141,BAZARBAEV SHOXRUX
6195,ISMATOV HALIMJON
6193,nomonov.sardorjon
6190,NASRIDDINOV HUSNIDDIN
6207,IZZATOV ULMASJON
6208,IBROHIMOV AZIZBEK
6212,SHAROFIDDINOV SHAXZODBEK
6412,KAMILOV JAHONGIR
9237,RASULOVA HUSNORA
6516,ABDUXAMIDOV ASADBEK
6247,ANOROVA MALIKA
10673,samir
6231,ABDURAXMONOV XUMOYUN
6255,YUSUBJONOV DILSHOD
6528,KA0270367
8208,Aliyev_Shoxzodjon
8209,Yoqubova_Nazokatxon
8211,Mamanazarov_Muhammadali
8212,Madjitova_Maxliyo
8213,Abdullayeva_Nigora
8214,Kobilov_Abrorjon
8216,Nazarova_Diliromxon
8217,Madaminova_Shoxistaxon
8219,Otajonova_Moxidil
8220,Dadajonova_Maftunaxon
8221,Karimov_Alisherbek
8222,Marufjonov_Muxriddin
8223,Ubaydullayev_Xusniddin
8224,Raxmonaliyev_Muxammadali
8225,Muxiddinov_Raximjon
8226,Azimova_Maxbuba
8227,Mashrabov_Muxlis
8228,Abdullayev_Elyorbek
8229,Xoliqov_Kozimjon
8231,Ruziboyev_Uktamjon
8232,Qodirov_Abdujalil
8233,Uzaqova_Madinabonu
8234,Tashmuxamedova_Nodira
8235,Xasanova_Dilafruz
10693,Ismoil767
8236,Xakimov_Muxammatraxim
8237,Axmadjonov_Avazbek
8238,Soliyev_Akmaljon
8239,Qurbonova_Dilafruz
8241,Abdukarimov_Sardorbek
8242,Axmatov_Ilxomjon
8243,Xoshimov_Raxmatulloh
8244,Mamajonov_Azizbek
8245,Musidinova_Zulfiya
8246,Maxmudova_Zarnigor
8247,Muhammadjonov_Muzaffarjon
8249,Urolxonov_Nasimbek
8250,Axmedov_Ravshanbek
8251,Maxmudov_Axrorjon
8252,Djuraboyeva_Maloxatxon
8254,Fozilov_Ravshanjon
8255,Saloxidinov_Eldorjon
8256,Atabayeva_Xumora
8257,Djurayev_Islom
8258,Iskandarova_Nozima
8259,Isakov_Isroiljon
8261,Marufjonov_Xasanboy
8262,Raxmanqulova_Dildora
8265,Karimov_Dmitriy
8266,Tursunova_Dilnoza
8267,Mirzajonov_Nodirbek
10696,dmahmadov
10699,inuritdinov
6290,Shaydullayev Nurbek
6504,k.xoshimxojaeva
6486,NAZIROV BOBUR
6491,KIM IGOR
9241,m.axmadjonova
9231,XAYRULLAYEV MUHRIDDIN
9233,NABIYEV DONIYOR
6380,MAMASHOV SARDOR
6475,USMONOVA NAFISA
6503,s.nurmuxamedov
6325,MASHRABOVA NILUFAR
6391,AKMALJONOV VASILJON
6364,ABDUMANNONOV OBBOSBEK
6106,AXMEDOV JAMSHIDBEK
9211,ABDUVALIYEV SANJARBEK
9222,JUMAYEV FAZLIDDIN
6099,SORIYEV AZIZBEK
9227,ODINAYEV ILXOM
9238,ISKANDAROV ASROR
9240,RASULOV ZAVQIDDIN
9213,BOBOQULOV JAVOHIR
6090,FAYYOZBEKOV ERKABOY
4102,urunov.moxirjon
6103,Raximova Gulnoza
6094,hilola99
4098,Norqulov Muslimbek
10721,egamberdiev
10722,TOIROV AZIMJON
6386,b.abduqahhorov
6274,XAYRIDDINOV SOBIRJON
6294,SAMANDAROV MUHAMMAD
6361,ISMOILOV SARVAR
7163,ergashev96
6200,alisher2908
10731,yaxyoyev abbos
10730,ILHOMOV BEHZOD
10746,n.razzoqov
10729,j.xolmurodov
10732,a.abilqosimov
9271,TUROBOYEV JAMOLIDDIN
10750,ESHTURDIYEV DOSTONBEK
10765,kholliev
10748,HAZRATBEKOV AMIR
10745,KOSIMOV AZIM
10743,u.orozboyev
10741,BOBOQULOV SARVAR
10740,KOMOLOV BOBUR
10738,j.qochqorov
10737,AMIROV ILHOM
10736,IMOMALIYEV OZODBEK
10734,XAYDAROV IMOMALI
10733,u.kalmanov
6222,ALIQULOV ZIYODJON
10772,ALIJON
7119,muhammadmirzo
6304,Islomova Odinaxon
6307,Shodiyev Shuxrat
6322,Rajabov Boburjon
6337,SHERALIEV ANVAR
9243,KHUSENOV JAVOHIR
6349,OCHILOV ABDULAZIZ
6084,XOLTURAYEV JAVLON
6395,OCHILDIEV RAKHIMJON
6400,NORKULOV SHOHRUH
10786,f.ismatov
10790,a.ibroximov400
10789,rajabaliev
7068,kim
6252,ERGASHOVA ZILOLA
6214,XAMRAYEV OYBEK
6216,HASANOV SARVARBEK
7111,tjahongir2000
7064,baltabaevalibek
6218,ZUPAROVA NIGORA
7161,suleymanov
6235,KUCHAROVA SHAHLO
6241,RAJAPOV
6260,VALIYEV
6265,NURZIYA
6270,MIRTOXIROV
7989,ibroximov_furqat
10799,SHOYMURODOV
10803,ya.turgunov
10810,Shamshod
10815,TURAYEV OYBEK
9214,HALIMOV AZAMAT
9234,MIRODIL
10821,asilbek
9232,Saidaxon
9264,Soatmurod
9230,Farxodbek
9217,Odilbek
9215,Boxodirxon
6111,Xurshid
9235,Behruz
10725,Shahzod1
7069,nadirov
6315,Davrbek
10830,ORIFOV ISLOMBEK
9218,Shohruh
10831,ZIYODULLAYEV SARDOR
10834,DEXQONOV
10835,alimovamirbek
8435,Muhamedov
6468,TAXIROVA MAFTUNA
10841,MIRALIYEV SHOXRUX-MIRZO
4087,yaxyoyevab
9212,E.Javohir
9221,B.Jamshidbek
10507,normuminoff
9229,Y.Davron
10846,nurxonov
7136,xudayber
7162,abduraxim
10869,07071998
10871,imron
10876,mironshoh
10882,x.eshonqulov
10884,Yusupov8060
10897,safarovd
10908,y.toshmurodov
9216,Javohir77
10915,mansurov
7150,Dilshod94
7785,1862206
7825,1862009
7826,1862010
7827,1862012
7833,1862202
7834,1862203
7835,1862204
7837,1862205
9046,TORJANOV AKJAN
7650,1863002
7651,1863003
7652,1863004
7654,1863005
7656,1863006
7657,1863007
7659,1863008
7661,1863108
7662,1863101
7663,1863102
7665,1863103
7667,1863104
7668,1863105
7671,1863106
7674,1863107
7675,1863201
7677,1863202
7679,1863203
7680,1863204
7684,1863205
7695,1865001
7697,1865002
7698,1865003
7703,1865004
7704,1865101
7790,1863016
7708,1865102
7792,1863020
7795,1863024
7710,1865103
7796,1863109
7716,1865202
7799,1863119
7721,1865203
7801,1863208
7725,1865204
7871,1863207
7873,1863206
7729,1865301
7875,1863209
7730,1865302
7877,1863210
7731,1865303
7879,1863211
7881,1863212
7882,1863213
7733,1865401
7885,1863214
7736,1865402
7886,1863215
7738,1865403
7908,1863009
7741,1865405
7909,1863010
7911,1863011
7912,1863012
7742,1863001
7913,1863013
7915,1863014
7916,1863015
7917,1863017
7918,1863018
7919,1863019
7920,1863021
7921,1863022
7923,1863023
7747,1865305
7924,1863110
7925,1863111
7805,1865005
7929,1863113
7930,1863114
7931,1863115
7932,1863116
7933,1863117
7935,1863120
7807,1865120
7936,1863121
7937,1863122
7938,1863124
7808,1865209
7939,1863125
7811,1865217
7813,1865310
7823,1865322
7824,1865407
7940,1865006
7943,1865007
7945,1865008
7948,1865009
7949,1865010
7966,1865012
7969,1865014
7952,1865011
7972,1865015
7978,1865018
7984,1865021
7967,1865013
7974,1865016
7975,1865017
7979,1865019
7982,1865020
7987,1865022
7988,1865023
7991,1865106
7994,1865107
7995,1865108
7996,1865109
8002,1865111
8010,1865113
8012,1865114
8013,1865115
8015,1865116
8017,1865117
8018,1865118
8021,1865119
8024,1865122
8027,1865123
8276,1873001
8028,1865420
8032,1865419
8034,1865418
8036,1865417
8039,1865416
8040,1865415
8277,1873002
8280,1873008
8281,1873012
8284,1873013
8042,1865414
8285,1873014
8286,1873015
8043,1865413
8288,1873019
8046,1865412
8291,1873020
8292,1873003
8050,1865411
8294,1873004
8051,1865410
8295,1873005
8297,1873006
8054,1865409
8298,1873007
8055,1865408
8299,1873009
8301,1873010
8056,1865406
8302,1873011
8303,1873016
8304,1873017
8305,1873018
8062,1865206
8064,1865207
8066,1865208
8069,1865210
8071,1865211
8072,1865212
8073,1865213
8077,1865214
8080,1865215
6374,uralov
8308,1873206
8309,1873207
8319,1873102
8095,1865223
8100,18653051
7714,1865104
7999,1865110
8022,1865121
7715,1865201
7743,18653041
8123,1865318
7739,1865404
7686,1864002
7688,1864003
7690,1864004
7693,1864201
7803,1864202
7864,1864203
7865,1864204
7869,1864206
9239,M.Sulton
9223,E.Abbosjon
9236,P.Nurmuxammad
10788,T.Shohjahon
6407,K.Aziz
10941,khaidarov
10943,nmuhammad
10670,D.xudoyberdiyev_rf
7058,isroilovali
9142,t.sharifov
7791,Togaevnurbek2018
6893,n.ismatov
10949,tohirbek
8186,AB1936213
9155,e.yusupov
10769,21123534
10954,Alimukhamedova
7681,m.tulaganov
9298,A.Abbosbek
10794,ABDUVOXIDOV SHOXRUX
9244,Muhammadov Behzod
10956,Javohir5758
10958,irisbekov
10955,G.Sunbula
10960,VALIYEV OLIMJON
9453,khumaydullaev
10961,ARSLONOV1999
10916,s.djumabayeva
10521,melikuziyev
6865,n.qurbonov
10829,G.FIRDAVS
10936,zamira_r
10963,salokhiddin
10962,ABDUSAMATOV
10965,tursunovozodbek
10966,komola
9138,djurakulov
8398,a.a.qurbonmurodov
3060,s.a.ruziyeva
10967,farruxermamatov
10968,Batir2510
9091,qarshiboev_m
10969,Laziz0802
9092,burxonov_x
9093,ruzimurodov_d
9094,alamov_d
9095,rustamov_j
9096,turdiqulov_s
9097,gulmurodova_d
9098,xurramov_j
9099,yarmuxammedov_d
9100,ashurov_b
9101,samatov_r
9102,g’ozibekov_r
9103,nuriddinov_a
9104,sultonov_d
9106,baxritdinov_f
9108,qobulov_i
9112,abdusalamov_j
9115,usmonov_s
9119,soliev_sh
9123,shodiev_a
9125,jo’raqulov_l
9129,hakimov_r
9131,nusratov_o
9133,ozodov_a
9135,saydivaliev_d
9136,abdukarimov_r
9137,hamitov_s
9139,berdimurodov_d
9143,kamolov_d
9145,tohirov_a
9148,xazratkulov_z
9151,oripov_k
9153,abdalimov_t
9154,shamsiddinova_ch
9156,mahmudov_j
9157,isroilov_t
9159,yorbekova_m
9162,maxramov_n
9163,boyxonov_b
9164,asadov_a
9167,karimov_f
9173,xashimov_h
9176,habibov_h
9178,qo’ldoshev_r
9180,xudoyberdiev_sh
9184,qo’shnazarov_b
9186,davronov_o
9188,eliboyev_sh
9189,davronov_f
9192,ergashev_n
9160,asrorov_shaxboz
9195,asatullayev_o
9196,abdalimov_sh
9197,ergashev_s
9199,nasimov_x
9200,bobirov_b
9201,kenjaboyev_q
9203,ashirqulov_m
9205,egamqulov_a
9260,normamatov_j
9266,xujaqulov_sh
9278,ro’ziboyev_g&#039;olibjon
9285,hamzaev_yoqub
9295,saidov_m
9302,mahammatov_d
9312,saidmurodov_abdulloh
9322,shavkatova_n
9323,nosirov_x
9328,odilov_r
9334,jo’raqulov_r
9342,ko’chimov_a
9352,ro’zimurodov_h
9365,muhammadiyev_b
9374,adashov_s
9384,o’ktamov_a
9392,eshmamatov_n
9398,toshtemirov_b
9407,jozilov_k
9411,abduroxmonov_g’iyos
9412,salohiy_s
9416,otakulov_r
9423,xudoyberdiyev_k
9427,omonov_z
9456,faxriddinov_f
9461,ibragimov_a
9465,mixliboyev_i
10719,usmonova_z
10857,abdullayev_sh
10877,pardaboyev_azizbek
10880,meliqulov_s
10900,rajabboyev_j
9420,kenjayev_sh
9455,maxmatov_n
9458,saydiyev_b
10661,abduraimov_j
10662,toshpulotov_s
10663,ummatov_o
10664,isaev_i
10665,rofijonova_z
10671,xolbekov_a
10674,meliev_j
10675,nodirov_sh
10677,joniqulova_s
10679,quvondiqova_z
10681,xurozov_o
10682,norboyev_a
10683,kovchinov_f
10684,xusanov_z
10685,otamurodov_a
10686,safarov_n
10687,shosaidov_sh
10688,xamidov_sh
10689,mardonov_o
10692,hamitov_b
10695,nurmurodov_x
10704,yuldasheva_u
10705,babajanov_o
10707,xursanmurodov_j
10708,nurillayev_a
10710,temirov_q
10718,guliston_x
10798,qozoqova_s
10800,usmonov_t
10802,vafoyev_sh
10805,tursunqulov_a
10807,eshboyev_x
10808,jurayev_z
10811,zaripova_m
10812,fayziyev_a
10814,xamroqulov_z
10892,imomnazarov_j
10853,nosirov_b
10816,bobonazarov_f
10818,misirov_a
10837,abduvaliev_j
10840,jumashev_j
10847,taniyev_a
10848,matlabov_a
10849,tursunov_s
10850,aminov_m
10851,toshjo’rayev_m
10854,qarshiyev_i
10855,yunusov_i
10856,tog’aymurodov_m
10859,sattorov_sh
10863,bobonazarov_q
10864,to’xtayev_d
10866,buriyev_k
10868,ashurov_a
10872,sameyev_b
10873,nematov_a
10874,shodmonov_a
10875,mayliyev_m
10878,olimov_o
10879,shokirov_m
10881,xakimov_s
10883,hamrayev_sh
10886,davronov_sh
10887,faziyev_a
10888,xasanov_i
10894,ahrorov_z
10898,maxmudov_a
10899,abduazimov_b
10901,kimiyaev_b
10902,yarlaqabov_n
10970,islombek
10984,M.SULTONOVA
11001,Abduraxmon7799
11002,BEGIMOV
11008,ELDOR
11019,jbahodirov
11021,KHOSIYAT
11022,OLIMOVA
11024,BURXANOVA
11025,amrillo320
11101,x.xujaqulov
11107,sh.qurbonov
11037,f.muhiddinov
11031,i.masaitov
11032,a.mamanazarov
11033,a.pardayev
11034,j.shomurodov
11035,a.makhkamov
11036,f.khodjaev
11038,d.khalimov
11039,i.mirsoatov
11040,v.rahmonqulov
11071,s.tuyinbaeva
11072,d.abdalimova
11073,m.kuchkorova
11074,b.niyazov
11075,a.akbarov
11076,f.abduraimov
11077,b.xadichova
11078,s.abdulxodjaev
11079,d.amirova
11080,a.khamdamov
11081,e.buzauova
11082,b.meliboev
11083,g.abdurakhmonova
11084,a.tursunmurodov
11085,j.matyakubov
11086,o.sultanov
11087,i/sabitov
11089,m.mirorif
11090,m.djuraeva
11091,i.kim
11092,m.mirzaev
11093,d.sharipova
11094,d.kuravin
11095,umrbek.karimov
11103,b.qodirov
11104,m.zaripova
11105,i.rahmatov
11112,sh.ikromova
11122,sh.abduxalikova
11123,f.nazarov
11124,r.dehqonov
11125,sh.atabayev
11126,e.rajabov
11127,r.yuldashev
11128,a.abdug’afurov
11129,n.sobirova
11130,u.umirzakov
11131,f.boltabayev
11108,sh.shoilyasov
11109,z.mardanov
11110,b.jumanazarov
11111,y.xakberdiyeva
11113,j.jo’rayev
11114,qobilov.farrux
11115,k.qodirova
11096,f.kholmatova
11097,d.yusupova
11098,m.vakilova
11099,u.gulyamova
11116,a.yusupov
11117,djamol.usmanova
11118,f.sheraliyev
11119,d.eshnazarov
11120,n.mamayev
11121,n.nurutdinov
11027,n.urazov
11028,j.abdusattarov
11029,g.asrorova
11030,n.akbarova
11041,r.odilov
11042,s.djalilov
11043,sh.karimkulov
11044,j.abdurashidov
11045,a.gafforov
11151,g.mingyasharova
11152,b.abdupattayev
11153,g.suyarkulova
11154,f.nuritdinov
11155,n.rahimjonov
11156,m.eshankulov
11157,t.djuldibayev
11132,b.rahimov
11133,n.shamuratova
11134,a.uzoqov
11135,a.kishivaliyev
11136,j.yunusaliyev
11137,b.mamatqulov
11138,n.achilov
11139,v.turdiyeva
11140,sh.musabekov
11141,z.kabilov
11142,a.temurov
11143,a.mahmudov
11150,s.anvarhujayev
11149,o.gulyamov
11046,i.sattarov
11047,s.mamurov
11048,l.khasanov
11049,u.azimov
11050,kh.sirojiddinov
11051,a.musaev
11052,f.nadjimidinov
11053,a.umarov
11054,i.ergashov
11055,o.periev
11056,n.tojibaev
11057,d.islombekov
11058,g.nasriddinov
11059,a.kosimova
11060,d.abdurakhmanova
11061,u.bekchanov
11062,m.inoyatov
11063,h.haydarov
11064,r.sapaev
11065,s. safarov
11066,d.yakubov
11067,j.ahmedov
11068,b.marufov
11069,m.mamadoliyev
11147,b.muxammadiyev
11070,s.mamadaliev
11198,r.dadajonova
11197,k.aliyeva
11196,l.dashko
11148,i.ismoilov
11201,f.xakimova
11159,f.ismoilov
11160,j.mamajonov
11161,r.beknazarov
11162,b.shernazarov
11163,e.jienbekov
11164,sh.kambarov
11165,m.napasov
11166,a.abdulhakimov
11175,a.ahmedova
11167,yo.abdurahmonova
11168,g.shukurova
11169,u.mansurov
11170,sh.mamatov
11171,ya.djalilov
11172,f.darmonov
11173,a.tulebaev
11174,sh.umedov
11176,g.ataboev
11177,m.naliboeva
11178,j.akhmedov
11179,b.allamurodov
11180,j.sharapov
11181,f.alijonov
11182,g.ergasheva
11183,a.musayev
11203,e.gafarov
11206,b.karimov
11202,k.urazimbetov
11212,d.aziz-valijon
11211,sh.jurayeva
11210,sh.sarvarov
11209,j.bahodirov
11208,u.tuyinboyev
11207,i.karimova
11205,t.mannopov
11204,f.qayumov
11184,m.achilova
11213,d.djurayeva
11195,e.bayjanova
11194,o.gorfodelova
11193,o.revtov
11185,l.ahmedov
11186,a.nabiyev
11187,g.djumabekova
11188,i.toshev
11189,u.atamuhamedova
11190,m.gulomov
11191,u.shahmedov
11192,a.mirzanazarova
11214,d.sobirov
11215,r.rasulov
11216,NURKHONOV
11217,s.sadiyev
11218,f.ergasheva
11220,sh.eshquvvatov
11221,j.otaqulov
11222,n.mahmudova
11223,n.polvonov
11224,o.shukurov
11225,n.chunaev
11226,m.xolmurodov
11227,x.berdiev
11228,a.joraev
11229,da.xasanov
11230,n.nursaidov
11231,s.azimqulov
11232,a.alimov
11233,b.amirov
11235,r.maxmadov
11236,t.turdiev
11237,s.azimov
11238,ma.karimov
11239,a.muxtorov
11240,u.ortiqov
11241,b.sanaqulova
11242,j.abduraimov
11243,a.akramov
11244,e.oblakulov
11245,o.norboev
11246,f.xusanova
11247,u.jamolova
11248,m.abduraxmanova
11249,j.jabborov
11250,j.orinboev
11251,b.turapov
11252,i.mansurova
11253,b.khasanov
11254,b.yodgorov
11255,e.murotov
11581,xudoyberdiyeva_f
11588,yuldasheva_g
11594,qurbonov_j
11602,nosirov_i
11608,ibodullayev_d
11609,toshonov_b
11612,narzullayev_f
11613,xabibov_m
11616,hamrayev_shoxzod
11617,yuldasheva_z
11621,shoimov_d
11622,sultonov_m
11627,quqonov_d
11637,anorboyev_x
11640,kushmurodov_x
11642,azizov_s
11645,ablqosimov_f
11646,mansurova_n
11648,shukrullayev_b
11651,shavkatov_sh
11661,nazarov_a
11667,jaksimbetov_m
11670,orzuyev_o
11751,murodov_az
10843,tojimurodov_rm
10842,oripov_ju
10839,otaqulov_mu
10838,rahmonov_ei
10836,mardonova_sa
10832,amonov_ak
10828,xayitov_si
10826,turayev_aa
10825,karimov_gh
10820,rajabov_gg
10819,eshonqulov_dd
10817,xoliqulov_sho
10813,maxsadova_fm
10809,rashidova_er
10806,abdurashidov_gr
8646,soliyev_mm
7176,qarshiboyev_un
7171,aliyev_xo
7167,pulatova_dy
7166,abdusalomova_shi
11786,elmurodov_me
11779,usmonov_mt
11777,tursunov_ai
11773,normurodov_bi
11767,qurbonnazarov_ox
10844,jovliyev_jm
10797,islomov_br
10785,shodmonova_nb
10783,xolmirzayev_jq
10780,ruziqulov_bs
10776,suyunov_ab
10680,ismatov_ra
10678,mamatqulov_sd
10676,abduraimov
10667,juraqulov_ns
8611,shoniyozova_yq
7199,turdiyeva_ma
7194,jalolov_shy
7185,toshqurganova_rg
11394,fayziyev_shi
11382,sobirov_ki
11367,qayumov_sq
11364,butayev_an
11361,abduraimov_ne
10756,baxrinov_jx
7212,99KI442
7430,99KI471
7423,99KI467
10754,giyosiddinov_sz
7210,99KI440
10749,juraqulov_fa
7476,99KI483
7424,99KI468
10747,ramozonov_ij
7217,99KI447
7426,99KI469
7414,99KI460
7471,99KI478
7421,99KI465
7470,99KI477
7465,99KI473
7418,99KI463
7213,99KI443
7216,99KI446
7417,99KI462
7427,99KI470
7433,99KI472
7419,99KI464
7468,99KI475
7211,99KI441
7477,99KI484
7415,99KI461
7469,99KI476
7478,99KI485
7467,99KI474
7218,99KI448
10744,otaqulova_mm
7472,99KI479
11363,99KI578
11283,99KI566
7474,99KI481
10742,sharipov_sm
7214,99KI444
7219,99KI449
10739,ziyodullayev_fx
7473,99KI480
11280,99KI563
10727,meyliyev_aa
11362,99KI577
11365,99KI579
11282,99KI565
7225,99KI455
7481,99KI488
7495,99KI502
7480,99KI487
7502,99KI509
11281,99KI564
7221,99KI451
7479,99KI486
7500,99KI507
7504,99KI512
7503,99KI511
7222,99KI452
7227,99KI457
7491,99KI498
7220,99KI450
7498,99KI505
7505,99KI513
7485,99KI492
7228,99KI458
7226,99KI456
7506,99KI514
11573,99KI459
11342,99KI572
11338,99KI568
11277,99KI510
11341,99KI571
7486,99KI493
11340,99KI570
7497,99KI504
7489,99KI496
7483,99KI490
7490,99KI497
11337,99KI567
7492,99KI499
7629,99AX076
7223,99KI453
7632,99AX079
7501,99KI508
11278,99AX080
7499,99KI506
7622,99AX069
11573,99KI454
7631,99AX078
7484,99KI491
7397,99AX060
7496,99KI503
7627,99AX074
11339,99KI569
7623,99AX070
7493,99KI500
7630,99AX077
7488,99KI495
7401,99AX063
7403,99AX064
7400,99AX062
7628,99AX075
7636,99AX084
7624,99AX071
11345,99AX088
7621,99AX068
7635,99AX083
7399,99AX061
7633,99AX081
7637,99AX085
11344,99AX087
7625,99AX072
7618,99AX065
11343,99AX086
10726,gadayev_jj
10724,mansurova_za
10703,uzoqova_ush
10702,ganiyev_ag
10701,uzoqova_fr
10697,xudoyberdiyev_kb
10691,ergashev_ej
8625,toshmurodov_jb
8622,sunnatov_aa
8619,holmurodov_ax
7248,99AK113
11346,99AK130
11370,99AK136
7233,99AK111
7261,99AK115
7520,99AK128
7514,99AK122
7515,99AK123
11369,99AK135
7519,99AK127
7521,99AK129
7518,99AK126
7256,99AK114
7509,99AK117
7292,99TT180
11348,99AK132
7537,99TT205
11347,99AK131
11360,99AK133
7282,99TT179
7535,99TT203
7512,99AK120
7524,99TT193
7313,99TT182
7242,99AK112
11372,99AK138
7528,99TT197
7536,99TT204
7272,99TT177
7507,99AK116
7527,99TT196
7510,99AK118
7267,99TT176
11371,99AK137
7529,99TT198
7516,99AK124
7511,99AK119
7534,99TT202
7532,99TT201
8618,yangiboyyeva_kx
8617,zikirov_esh
7517,99AK125
7522,99TT191
11267,99TT275
8616,najmiddinov_bt
7513,99AK121
7278,99TT178
8613,hasanov_dsh
7308,99TT181
7340,99TT188
7530,99TT199
7552,99TT220
7523,99TT192
11265,99TT277
7526,99TT195
11266,99TT276
7542,99TT210
7525,99TT194
11259,99TT209
7531,99TT200
7325,99TT185
11353,99TT279
7555,99TT223
11260,99TT211
7550,99TT218
7557,99TT225
7333,99TT186
7554,99TT222
7345,99TT189
11258,99TT208
7350,99TT190
7337,99TT187
7553,99TT221
7556,99TT224
11262,99TT217
11354,99TT280
7538,99TT206
11352,99TT278
7567,99DI193
7545,99TT213
11356,99DI246
7548,99TT216
7563,99DI189
7547,99TT215
7358,99DI163
7372,99DI168
7314,99TT183
7562,99DI188
8610,raupov_fm
7367,99DI165
11264,99TT184
7564,99DI190
11257,99TT207
7575,99DI201
7546,99TT214
7565,99DI191
11708,eshtemirov_aa
7544,99TT212
7551,99TT219
11355,99DI245
11358,99DI248
7558,99DI184
7379,99DI173
7568,99DI194
7592,99DI217
7373,99DI169
7582,99DI207
7369,99DI166
7376,99DI171
11702,tursunov_go
7573,99DI199
7585,99DI210
7571,99DI197
7377,99DI172
7559,99DI185
7577,99DI203
7576,99DI202
7591,99DI216
7570,99DI196
11357,99DI247
7371,99DI167
7588,99DI213
11374,99DI187
7580,99DI205
7574,99DI200
7572,99DI198
7586,99DI211
7569,99DI195
7590,99DI215
7363,99DI164
7581,99DI206
7566,99DI192
7578,99DI204
7560,99DI186
7584,99DI209
7583,99DI208
7606,99DI231
7382,99DI175
7596,99DI221
7587,99DI212
11279,99DI236
7589,99DI214
7608,99DI233
7597,99DI222
7593,99DI218
7383,99DI176
7601,99DI226
7380,99DI174
7385,99DI177
7375,99DI170
7602,99DI227
7395,99DI183
7603,99DI228
7617,99DI244
11359,99DI249
7611,99DI238
7599,99DI224
7394,99DI182
7390,99DI180
7614,99DI241
7594,99DI219
7615,99DI242
7613,99DI240
7607,99DI232
11481,99DI237
7392,99DI181
7616,99DI243
7600,99DI225
7612,99DI239
7609,99DI234
7387,99DI178
7610,99DI235
7598,99DI223
11373,99DI250
7605,99DI230
7595,99DI220
7389,99DI179
7604,99DI229
7200,mirzayorov_jj
8493,xoliqova_mi
8658,nazarova_zz
8670,farmonova_dn
11699,ruziqulov_sha
11696,rahmatov_nt
11605,mastonov_uu
11604,qalandarov_vn
8672,maxmudova_du
8696,aliyev_dg
8707,chulliyev_sx
8713,oromov_se
8715,quyliyev_ta
8719,muhammadiyev_bt
8749,bozorov_shr
8757,ochilov_su
8758,tulayev_bi
9075,yuldoshev_aa
9080,salimov_as
11775,tuxtayeva_as
11778,buxorov_ja
11780,nazarov_an
11785,sadillayev_zs
11312,nf_3011806
11325,nf_3011814
11329,nf_3011813
11328,nf_3011812
11315,nf_3011807
11320,nf_3011808
11322,nf_3011809
8650,amirova_shx
8654,norboyev_bt
11327,nf_3011811
11299,nf_3011802
7183,xudoyberdiyev_na
11297,nf_3011801
11301,nf_3011803
11306,nf_3011804
7197,abduvoxidov_st
11326,nf_3011810
11309,nf_3011805
7203,qfravshanov_aa
11295,nf_1011801
11313,nf_1011811
11314,nf_1011812
11311,nf_1011810
11298,nf_1011803
11300,nf_1011804
11317,nf_1011814
11307,nf_1011807
11296,nf_1011802
11305,nf_1011806
11321,nf_1011817
11318,nf_1011816
11302,nf_1011805
11304,nf_1011815
11308,nf_1011808
11316,nf_1011813
11310,nf_1011809
11392,nf_2011809
11389,nf_2011807
11395,nf_2011810
11383,nf_2011805
11377,nf_2011802
11381,nf_2011804
11385,nf_2011806
11390,nf_2011808
8496,muhammadiyeva_she
11379,nf_2011803
11375,nf_2011801
11256,i.sayidov
11908,q.allayorov
11909,a.baxramov
11910,a.norboyev
11911,don.raximov
11912,d.qosimov
11913,i.rajabov
11914,i.mukhamedjanov
11915,s.abrorkhujaev
11916,a.axmedkhodjaev
11917,mir.maxmudov
11918,az.axmedov
11919,j.shodmonov
11920,b.tolipov
11921,f.xudayberganov
11922,u.dadajonov
11923,u.elmurodov
11924,o.mirgopporov
11925,j.sharipov
11926,s.raximov
11927,u.yusufbekov
11928,b.muydinov
11929,n.payanov
11930,m.komiljonov
11931,u.saidov
11932,d.shamaxmudov
11933,z.atxamov
11934,r.sharifov
11935,sh.boriyev
11936,m.xazratqulov
11938,x.toshpulatov
11939,21002-19
11940,21003-19
11941,22101-19
11942,21004-19
11943,21201-19
11944,21005-19
11945,21006-19
11946,31201-19
11947,21202-19
11948,81306-19
11949,21007-19
11950,81001-19
11951,21401-19
11952,21203-19
11953,31202-19
11954,21008-19
11955,22102-19
11956,21009-19
11957,21204-19
11958,21601-19
11959,81002-19
11960,21101-19
11961,31203-19
11962,21402-19
11963,31101-19
11964,21102-19
11965,21205-19
11966,31204-19
11967,22103-19
11968,81301-19
11969,81003-19
11970,21103-19
11971,83201-19
11972,21602-19
11973,31102-19
11974,21403-19
11975,21104-19
11976,21206-19
11977,31205-19
11978,81004-19
11979,31103-19
11980,31001-19
11981,21105-19
11984,21207-19
11985,21603-19
11986,81005-19
11987,31104-19
11988,31206-19
11989,21106-19
11990,21404-19
11991,83202-19
11992,31105-19
11993,21107-19
11994,81303-19
11995,81006-19
11996,31207-19
11997,22105-19
11998,31106-19
11999,21208-19
12000,21405-19
12001,21108-19
12002,21604-19
12003,31002-19
12004,81007-19
12005,81304-19
12006,83203-19
12008,31208-19
12009,21301-19
12010,21406-19
12011,81008-19
12012,81305-19
12013,31108-19
12014,21605-19
12015,22106-19
12016,31209-19
12017,31003-19
12018,21407-19
12019,21302-19
12020,83204-19
12021,81009-19
12023,41001-19
12024,22201-19
12025,81308-19
12027,31004-19
12028,31109-19
12029,21408-19
12030,81101-19
12031,21303-19
12032,31301-19
12033,81309-19
12034,41002-19
12035,21606-19
12036,83205-19
12037,81010-19
12039,22202-19
12041,21501-19
12042,81011-19
12043,21304-19
12044,81102-19
12045,41003-19
12046,31402-19
12047,81311-19
12048,21305-19
12049,81012-19
12050,41004-19
12051,21607-19
12052,31403-19
12053,31302-19
12054,21502-19
12055,83206-19
12056,31005-19
12057,22203-19
12059,81103-19
12060,31404-19
12061,81312-19
12062,41005-19
12063,69001-19
12064,21608-19
12065,21306-19
12066,21503-19
12067,41006-19
12068,31405-19
12069,22204-19
12071,81104-19
12073,31006-19
12074,31303-19
12075,41007-19
12076,31406-19
12077,81014-19
12078,21307-19
12079,21701-19
12080,21504-19
12081,81105-19
12082,71104-19
12083,69002-19
12084,41008-19
12085,22205-19
12086,31407-19
12087,69101-19
12088,31304-19
12090,21308-19
12091,31007-19
12092,83208-19
12094,69201-19
12095,69301-19
12096,21702-19
12097,41009-19
12098,81106-19
12099,31305-19
12101,21505-19
12102,69003-19
12103,32001-19
12104,22301-19
12105,69102-19
12106,69202-19
12107,41010-19
12108,71105-19
12109,21801-19
12110,81107-19
12111,31306-19
12112,11001-19
12113,69004-19
12114,83209-19
12115,31008-19
12116,21703-19
12117,32002-19
12118,81016-19
12119,69302-19
12120,41101-19
12121,21506-19
12122,69103-19
12123,69203-19
12124,31307-19
12125,83001-19
12127,69005-19
12128,71006-19
12129,22302-19
12130,21802-19
12131,71106-19
12132,21704-19
12133,69104-519
12134,41102-19
12135,32004-19
12136,31009-19
12137,81017-19
12138,69204-19
12139,31308-19
12140,21507-19
12141,69105-19
12142,21803-19
12144,41103-19
12145,22303-19
12146,69006-19
12147,83002-19
12148,69303-19
12149,69205-19
12151,11002-19
12152,21705-19
12154,71107-19
12155,31010-19
12156,41104-19
12157,69106-19
12158,81018-19
12159,21508-19
12160,32007-19
12161,83101-19
12162,69206-19
12163,11101-19
12164,83003-19
12165,32101-19
12166,22304-19
12167,21804-19
12168,41105-19
12169,69107-19
12171,69304-19
12172,81019-19
12173,71007-19
12174,71108-19
12176,69007-19
12177,71303-19
12178,83102-19
12179,21706-19
12181,83004-19
12182,69207-19
12183,41106-19
12184,21805-19
12185,32102-19
12186,21509-19
12187,81020-19
12188,32010-19
12189,69108-19
12190,83103-19
12191,41107-19
12192,69208-19
12193,71109-19
12194,71008-19
12195,51001-19
12196,22305-19
12197,83005-19
12198,21806-19
12200,32103-19
12201,21707-19
12202,83104-19
12204,69109-19
12205,32109-19
12206,11102-19
12207,81021-19
12208,32105-19
12209,41108-19
12210,69009-19
12211,69305-19
12212,21807-19
12213,22306-19
12214,83006-19
12215,83105-19
12216,71009-19
12217,32104-19
12218,32106-19
12219,71304-19
12220,69209-19
12221,22307-19
12222,69010-19
12223,41109-19
12225,21808-19
12226,21708-19
12227,72002-19
12228,11003-19
12229,69306-19
12230,41110-19
12231,83106-19
12232,69210-19
12233,32107-19
12234,69011-19
12235,83216-19
12236,69110-19
12237,83007-19
12238,83213-19
12239,71305-19
12240,21809-19
12241,41201-19
12242,69307-19
12243,69211-19
12244,83107-19
12246,72003-19
12247,83217-19
12248,69111-19
12249,69013-19
12250,83008-19
12251,72103-19
12254,41202-19
12256,69014-19
12257,83214-19
12258,69112-19
12259,72004-19
12260,69213-19
12261,41203-19
12262,83218-19
12263,69309-19
12264,83108-19
12265,83009-19
12266,22002-19
12267,69113-19
12268,69015-19
12269,72005-19
12270,32108-19
12271,41204-19
12272,83219-19
12273,83010-19
12275,83109-19
12276,69310-19
12277,22003-19
12278,69214-19
12279,69016-19
12280,11103-19
12281,69114-19
12282,41205-19
12283,83220-19
12284,69215-19
12285,72104-19
12286,21709-19
12287,69311-19
12288,41206-19
12289,83110-19
12290,69115-19
12291,71306-19
12292,11104-19
12293,65101-19
12294,83011-19
12295,65301-19
12296,11004-19
12297,41207-19
12298,65102-19
12299,83013-19
12300,71204-19
12302,51501-19
12303,41208-19
12304,83111-19
12305,65302-19
12306,71307-19
12307,65001-19
12308,65103-19
12309,72105-19
12310,83014-19
12311,41209-19
12312,65303-19
12313,65104-19
12314,71205-19
12315,71308-19
12316,65002-19
12317,41301-19
12318,83015-19
12319,65304-19
12320,65105-19
12321,83112-19
12322,69312-19
12323,65003-19
12324,41302-19
12325,65305-19
12326,51502-19
12327,71206-19
12328,83113-19
12329,65004-19
12330,69313-19
12331,41303-19
12333,65106-19
12335,41304-19
12336,71207-19
12337,69314-19
12338,65107-19
12339,51503-19
12340,65005-19
12341,41305-19
12342,65308-19
12343,69315-19
12344,65006-19
12345,41306-19
12346,65108-19
12347,71401-19
12349,41307-19
12350,65309-19
12351,12301-19
12352,65007-19
12353,69316-19
12354,65109-19
12355,51601-19
12356,41308-19
12357,71402-19
12358,51504-19
12359,12101-19
12360,65310-19
12361,65110-19
12362,69317-19
12363,41309-19
12364,65311-19
12365,71403-19
12366,65008-19
12367,11302-19
12368,51602-19
12369,41401-19
12370,65111-19
12371,12302-19
12372,69318-19
12373,65312-19
12374,71404-19
12375,51505-19
12376,71208-19
12377,41402-19
12378,65009-19
12379,65112-19
12380,65313-19
12381,69319-19
12383,11303-19
12384,65010-19
12385,41403-19
12386,12303-19
12387,65314-19
12388,71405-19
12389,65113-19
12390,41404-19
12391,65315-19
12392,71209-19
12393,51604-19
12394,41405-19
12395,12102-19
12396,65114-19
12398,65011-19
12399,12001-19
12401,69320-19
12402,51506-19
12403,65012-19
12404,65115-19
12405,12305-19
12406,71406-19
12407,41407-19
12408,65116-19
12409,51605-19
12410,12103-19
12411,12002-19
12412,41408-19
12413,65013-19
12414,65117-19
12415,15507-19
12416,12003-19
12417,51209-19
12418,12104-19
12419,41409-19
12420,65014-19
12423,41501-19
12424,51508-19
12425,12004-19
12427,12105-19
12428,41502-19
12429,51002-19
12430,65016-19
12432,41503-19
12433,51309-19
12434,12005-19
12435,51509-19
12436,65017-19
12437,41504-19
12438,51310-19
12439,12006-19
12441,51003-19
12442,41505-19
12443,65018-19
12444,51210-19
12445,12309-19
12446,51311-19
12447,51510-19
12448,41506-19
12449,12007-19
12451,41507-19
12452,51312-19
12453,51004-19
12454,12310-19
12455,51511-19
12457,51313-19
12458,51005-19
12459,12202-19
12460,12201-19
12461,51314-19
12462,51212-19
12463,41508-19
12464,51315-19
12465,51606-19
12466,51101-19
12467,12204-19
12468,41509-19
12469,41601-19
12470,12203-19
12471,51213-19
12472,51607-19
12473,41602-19
12474,12206-19
12475,51608-19
12476,41603-19
12477,12205-19
12478,51214-19
12479,41604-19
12480,12208-19
12481,51609-19
12482,12207-19
12483,51102-19
12484,41605-19
12485,51006-19
12486,51215-19
12487,41606-19
12489,51103-19
12490,12209-19
12491,41607-19
12492,41608-19
12493,51611-19
12494,51104-19
12495,41609-19
12498,51201-19
12499,51613-19
12500,51007-19
12501,51202-19
12502,51614-19
12503,51217-19
12504,51316-19
12505,51203-19
12506,51008-19
12507,51615-19
12508,51317-19
12509,51218-19
12510,51204-19
12512,51318-19
12513,51205-19
12514,51219-19
12515,51009-19
12516,51617-19
12517,51319-19
12518,51206-19
12519,51320-19
12520,51010-19
12521,51618-19
12522,51207-19
12523,51321-19
12524,51220-19
12525,51011-19
12526,51208-19
12527,51322-19
12528,51012-19
12529,51301-19
12530,51323-19
12531,51221-19
12532,51013-19
12533,51302-19
12534,51324-19
12535,51222-19
12536,51014-19
12537,51303-19
12538,51325-19
12539,51223-19
12540,51015-19
12541,51304-19
12542,51224-19
12543,51305-19
12544,51016-19
12545,51225-19
12546,51306-19
12547,51105-19
12548,51307-19
12549,51106-19
12550,51107-19
12551,51308-19
12552,51110-19
12553,51108-19
12554,51109-19
12555,51111-19
12556,51112-19
12558,51114-19
12559,51115-19
12560,31409-19
12562,31411-19
12563,31110-19
12564,31011-19
12565,31309-19
12566,31210-19
12567,31412-19
12568,31111-19
12569,31211-19
12570,31413-19
12571,31112-19
12572,31212-19
12573,31414-19
12574,31113-19
12575,31310-19
12576,31415-19
12578,31114-19
12579,31416-19
12580,31012-19
12581,31417-19
12583,31311-19
12584,31418-19
12585,31215-19
12586,31419-19
12587,31420-19
12588,31312-19
12589,31013-19
12590,31115-19
12592,31421-19
12593,31116-19
12594,31217-19
12595,31014-19
12596,31422-19
12598,31423-19
12599,31218-19
12601,31424-19
12602,31118-19
12603,31119-19
12604,31016-19
12606,32011-19
12607,31313-19
12608,31120-19
12610,31220-19
12611,31017-19
12613,32013-19
12614,31018-19
12615,31221-19
12616,31314-19
12617,32014-19
12619,32015-19
12620,31222-19
12622,31123-19
12623,32016-19
12624,31223-19
12625,31124-19
12626,32017-19
12627,31316-19
12628,31125-19
12629,32018-19
12630,31019-19
12631,31224-19
12632,31317-19
12634,32110-19
12635,31020-19
12636,31225-19
12639,31318-19
12640,32021-19
12641,31021-19
12642,31226-19
12644,32112-19
12645,31022-19
12646,32122-19
12647,32113-19
12648,31319-19
12649,31023-19
12650,32121-19
12652,31320-19
12653,32120-19
12654,32115-19
12656,32116-19
12657,31321-19
12658,32117-19
12659,32118-19
12660,31322-19
12661,31025-19
12662,31323-19
12663,31026-19
12664,31024-19
12665,31324-19
12667,71010-19
12671,71014-19
12672,41011-19
12673,71110-19
12674,41510-19
12675,41012-19
12676,41210-19
12677,71111-19
12678,41013-19
12679,41211-19
12680,41410-19
12681,41014-19
12682,41511-19
12683,41212-19
12684,41610-19
12685,41015-19
12686,71112-19
12687,41411-19
12688,42001-19
12689,71015-19
12690,41213-19
12691,41016-19
12692,41611-19
12693,41111-19
12694,71113-19
12695,41214-19
12696,42101-19
12697,41017-19
12698,42002-19
12699,41512-19
12700,41412-19
12701,41612-19
12702,71114-19
12703,41215-19
12704,41018-19
12705,41112-19
12706,42003-19
12707,41216-19
12708,41019-19
12709,41413-19
12710,41613-19
12711,42004-19
12712,41020-19
12713,41513-19
12715,42102-19
12716,41113-19
12717,71115-19
12718,71210-19
12719,41614-19
12720,42005-19
12721,41514-19
12722,41021-19
12723,41414-19
12724,41218-19
12725,71116-19
12726,42006-19
12727,41114-19
12728,41615-19
12729,71016-19
12730,41219-19
12731,42007-19
12732,41415-19
12733,41022-19
12734,71117-19
12735,41515-19
12736,41115-19
12737,41616-19
12738,42008-19
12739,41220-19
12740,41416-19
12741,42103-19
12742,71017-19
12743,41023-19
12744,41221-19
12745,71118-19
12746,41417-19
12747,41116-19
12748,41516-19
12749,41617-19
12750,41024-19
12751,41222-19
12752,41418-19
12753,71211-19
12754,71119-19
12755,71018-19
12756,42104-19
12757,41117-19
12758,41618-19
12759,42009-19
12760,41517-19
12761,71120-19
12762,42010-19
12763,41419-19
12764,41619-19
12765,41518-19
12766,71121-19
12767,42011-19
12768,41420-19
12769,41118-19
12770,41421-19
12771,42012-19
12772,41620-19
12773,41519-19
12774,41119-19
12777,71212-19
12778,41422-19
12779,71020-19
12780,71122-19
12781,41621-19
12782,41520-19
12783,42014-19
12784,41120-19
12785,42106-19
12786,41311-19
12787,71123-19
12788,21109-19
12789,71021-19
12790,41521-19
12791,41622-19
12792,42016-19
12793,41121-19
12794,41312-19
12795,42015-19
12796,41522-19
12797,21309-19
12798,41122-19
12799,71124-19
12800,42107-19
12801,42017-19
12802,21110-19
12803,41123-19
12804,41313-19
12805,71125-19
12806,71022-19
12807,42018-19
12808,21111-19
12809,42108-19
12810,71213-19
12811,41314-19
12812,42019-19
12813,71126-19
12814,21112-19
12815,42020-19
12816,71023-19
12819,71214-19
12821,42021-19
12822,42022-19
12823,41316-19
12824,21114-19
12825,42110-19
12826,71024-19
12827,42013-19
12828,21115-19
12829,21310-19
12830,42023-19
12831,41317-19
12832,21116-19
12833,42024-19
12834,42111-19
12835,21117-19
12836,71025-19
12837,42025-19
12838,42026-19
12839,41318-19
12841,42112-19
12842,71309-19
12843,41319-19
12844,42027-19
12845,71027-19
12846,21119-19
12847,41320-19
12848,42113-19
12849,21120-19
12850,41321-19
12851,21311-19
12852,71310-19
12854,21121-19
12855,71026-19
12856,41322-19
12857,71215-19
12858,21122-19
12859,71311-19
12861,21312-19
12862,42124-19
12863,71312-19
12865,42116-19
12867,21010-19
12868,21313-19
12869,21011-19
12870,42126-19
12871,71313-19
12872,72108-19
12873,21012-19
12874,21314-19
12875,42117-19
12876,71314-19
12877,21013-19
12878,72107-19
12879,42118-19
12880,21014-19
12881,71315-19
12883,21015-19
12884,21315-19
12885,71316-19
12886,42119-19
12889,42120-19
12890,21017-19
12891,71317-19
12892,21316-19
12893,42121-19
12894,72110-19
12895,21018-19
12896,71318-19
12897,42122-19
12898,21019-19
12899,42123-19
12900,71319-19
12901,71217-19
12902,71320-19
12903,21020-19
12904,71218-19
12906,71321-19
12907,71322-19
12908,72112-19
12909,21021-19
12910,71323-19
12911,21317-19
12913,21022-19
12914,21023-19
12915,71220-19
12917,21024-19
12918,71324-19
12919,71221-19
12920,21319-19
12921,21320-19
12922,21209-19
12923,21321-19
12924,71222-19
12925,71407-19
12927,71223-19
12928,21210-19
12929,71409-19
12930,21322-19
12931,71224-19
12932,71410-19
12933,71411-19
12934,71225-19
12935,21211-19
12936,21323-19
12937,71412-19
12938,21212-19
12939,71413-19
12940,21213-19
12941,71226-19
12942,21409-19
12943,71414-19
12945,71415-19
12946,71416-19
12947,21411-19
12948,71417-19
12949,71418-19
12950,71419-19
12951,71420-19
12952,83114-19
12953,21214-19
12954,71421-19
12955,83115-19
12956,21412-19
12957,83016-19
12958,71422-19
12959,83116-19
12960,21215-19
12961,83017-19
12962,83117-19
12964,21216-19
12965,83118-19
12966,83018-19
12967,72114-19
12968,21217-19
12969,21413-19
12970,81108-19
12971,21218-19
12972,83119-19
12973,72115-19
12974,83019-19
12975,21219-19
12976,72116-19
12977,83023-19
12978,83020-19
12979,83120-19
12980,21220-19
12981,72006-19
12982,83024-19
12984,83021-19
12985,21414-19
12986,72007-19
12987,81109-19
12988,83022-19
12989,83025-19
12990,21221-19
12992,83026-19
12993,72009-19
12994,21222-19
12995,83122-19
12996,81110-19
12998,83027-19
12999,21415-19
13000,72011-19
13001,83123-19
13002,81115-19
13003,72012-19
13004,81111-19
13005,81116-19
13006,83028-19
13007,83124-19
13010,81118-19
13011,83125-19
13012,21223-19
13013,21416-19
13014,81112-19
13016,83126-19
13017,21710-19
13018,72015-19
13021,83127-19
13022,81120-19
13023,81113-19
13024,83128-19
13025,21417-19
13026,21711-19
13027,21712-19
13028,81114-19
13029,21418-19
13030,21713-19
13031,21714-19
13032,21715-19
13033,21419-19
13034,21420-19
13035,21716-19
13036,21717-19
13037,21421-19
13038,21422-19
13039,21423-19
13040,21510-19
13041,11005-19
13042,21511-19
13043,21718-19
13044,21719-19
13045,11006-19
13046,11007-19
13047,21720-19
13048,21512-19
13049,11008-19
13050,21721-19
13051,21001-19
13052,11105-19
13053,21722-19
13054,11009-19
13055,11010-19
13057,21810-19
13058,21513-19
13059,11106-19
13060,11012-19
13061,21811-19
13062,21812-19
13063,21514-19
13065,21813-19
13066,11107-19
13067,11014-19
13068,21515-19
13069,21814-19
13070,11015-19
13072,21815-19
13073,21516-19
13074,11016-19
13075,21816-19
13076,11017-19
13077,11109-19
13078,21517-19
13079,21817-19
13080,71001-19
13082,11304-19
13083,11110-19
13084,21818-19
13085,21518-19
13086,21819-19
13087,71101-19
13088,21519-19
13089,21820-19
13090,11111-19
13091,12008-19
13092,11305-19
13093,21821-19
13094,12009-19
13095,21520-19
13096,11306-19
13097,12010-19
13099,11307-19
13100,21521-19
13101,71201-19
13102,12011-19
13103,12012-19
13104,21522-19
13105,71002-19
13106,12013-19
13107,12014-19
13108,71003-19
13109,12108-19
13110,12015-19
13111,71102-19
13112,11113-19
13114,12016-19
13115,12109-19
13116,22009-19
13117,71103-19
13119,12210-19
13120,11114-19
13121,22010-19
13122,11309-19
13124,12211-19
13125,11115-19
13126,22011-19
13127,113010-19
13128,121011-19
13129,12212-19
13130,71202-19
13131,113011-19
13132,12213-19
13133,11116-19
13134,121012-19
13135,71203-19
13137,12214-19
13138,12215-19
13139,121013-19
13140,113013-19
13141,11117-19
13142,12216-19
13143,71301-19
13144,11118-19
13145,12217-19
13146,71302-19
13147,12218-19
13148,113014-19
13149,72001-19
13151,12311-19
13152,12315-19
13153,12316-19
13154,72101-19
13155,113015-19
13156,12312-19
13158,113016-19
13159,22211-19
13160,72102-19
13163,12313-19
13164,113017-19
13165,113018-19
13168,113019-19
13170,22116-19
13172,22214-19
13173,22117-19
13174,22108-19
13175,22215-19
13176,22118-19
13177,22216-19
13178,22012-19
13181,22206-19
13184,22309-19
13185,22110-19
13186,22014-19
13187,22207-19
13189,22111-19
13191,22015-19
13194,22210-19
13196,22112-19
13197,22312-19
13202,22316-19
13203,22317-19
13204,22318-19
13205,22004-19
13206,22005-19
13207,22006-19
13208,22018-19
13209,22007-19
13210,22019-19
13211,21609-19
13212,21610-19
13213,21611-19
13214,21616-19
13215,21612-19
13216,21617-19
13217,21613-19
13218,21618-19
13219,21614-19
13220,21619-19
13221,21615-19
13222,21620-19
13223,21621-19
13225,32025-18
13226,32026-18
13227,31528-18
13228,31527-18
13229,31529-18
13230,31427-18
13231,32223-18
13232,31428-18
13233,32224-18
13234,71013-19
13235,42130-18
13236,41430-18
13237,42030-18
13238,53104-11
13239,42031-18
13240,41830-18
13241,41530-18
13242,41630-18
13243,71230-18
13244,71231-18
13245,71330-18
13246,71331-18
13247,71430-18
13248,71431-18
13249,21530-18
13250,71227-19
13251,71228-19
13252,21430-18
13254,22531-18
13255,21830-18
13256,21531-18
13257,22133-18
13260,21822-19
13261,72017-19
13262,22532-18
13263,21630-18
13264,22830-18
13265,32023-19
13266,31426-19
13267,22134-18
13268,31425-19
13269,22135-18
13270,32025-19
13271,22120-19
13272,42128-19
13275,71332-18
13278,69230-18
13279,11020-19
13280,13030-18
13281,11030-18
13282,22030-18
13285,83031-18
13286,83032-18
13290,72030-18
13291,72031-18
13292,72032-18
13293,11330-18
13294,11031-18
13295,11337-18
13296,11336-18
13297,11335-18
13298,11333-18
13299,11332-18
13300,11130-18
13302,11033-18
13303,11331-18
13304,42410-18
13305,12114-19
13306,42409-18
13307,12115-19
13308,42406-18
13309,42401-18
13310,42404-18
13311,42403-18
13312,12017-19
13313,42620-18
13314,42501-18
13315,42411-18
13317,42627-18
13319,42517-18
13320,42419-18
13321,42511-18
13322,42414-18
13323,42615-18
13324,42508-18
13325,42415-18
13326,42506-18
13327,72034-18
13328,42504-18
13329,12019-19
13330,42623-18
13331,42502-18
13332,12020-19
13333,4269-18
13334,42416-18
13335,12116-19
13336,4263-2018
13337,72035-18
13338,42610-18
13339,12117-19
13340,42407-18
13341,42505-18
13342,42613-18
13343,42408-18
13344,4265-18
13345,22831-18
13346,42519-18
13347,42402-18
13348,4262-18
13349,42513-18
13350,42418-18
13351,42628-18
13352,22630-18
13353,42622-18
13354,42413-18
13355,42516-18
13356,42617-18
13357,42405-18
13358,42514-18
13359,42618-18
13360,12118-19
13361,42412-18
13362,32225-18
13363,42515-18
13364,42621-18
13365,12119-19
13366,42417-18
13367,42507-18
13368,42626-18
13369,32226-18
13370,42619-18
13371,42512-18
13372,12121-19
13373,42616-18
13374,42510-18
13375,42629-18
13376,11338-18
13377,12122-19
13378,42509-18
13379,4267-18
13380,42503-18
13381,4266-18
13382,42612-18
13383,42518-18
13384,42611-18
13385,4268-18
13386,12219-19
13387,4261-18
13388,42614-18
13389,12220-19
13390,4264-18
13391,42625-18
13392,42624-18
13393,12319-19
13395,12321-19
13397,12323-19
13401,41025-19
13403,22533-18
13404,22022-19
13405,71028-19
13406,72019-19
13407,11021-19
13408,11119-19
13409,11321-19
13411,12324-19
13414,41026-19
13415,41124-19
13416,42029-19
13420,51116-19
13421,51226-19
13422,51619-19
13424,65118-19
13427,42131-18
13429,83221-19
13430,11323-19
13432,21025-19
13433,31126-19
13434,31127-19
13435,31128-19
13436,32123-19
13437,31130-19
13438,31227-19
13439,31228-19
13440,31229-19
13441,32026-19
13442,41125-19
13443,41224-19
13444,41323-19
13445,42131-19
13446,71230-19
13447,72117-19
13448,81022-19
13449,22625-18
13450,22627-18
13453,71326-19
13456,71029-19
13457,71327-19
13458,L375591
13460,21524-19
13461,21825-19
13462,21624-19
13463,21124-19
13464,21123-19
13465,21826-19
13466,21125-19
13467,22024-19
13469,21623-19
13470,21724-19
13471,21523-19
13475,12326-19
13477,21424-19
13478,21622-19
13480,21727-19
13481,22023-19
13483,22322-19
13488,31327-19
13490,31427-19
13491,41225-19
13492,41324-19
13493,41423-19
13494,41424-19
13495,41523-19
13496,41524-19
13497,41623-19
13498,42032-19
13499,81315-19
13500,42034-19
13501,42132-19
13502,51019-19
13504,65020-19
13505,69117-19
13506,71128-19
13507,71426-19
13508,83223-19
13509,81023-19
13514,21224-19
13515,21730-19
13516,22122-19
13517,22123-19
13518,32124-19
13520,41624-19
13521,42133-19
13522,51117-19
13523,71328-19
13524,71329-19
13525,72022-19
13527,72120-19
13528,81122-19
13529,83029-19
13530,83222-19
13531,41027-19
13532,42031-19
13533,51020-19
13535,51118-19
13536,51119-19
13537,65019-19
13538,81123-19
13539,83030-19
13540,83224-19
13541,11324-19
13542,12123-19
13546,21227-19
13548,21324-19
13549,21425-19
13550,21526-19
13551,21525-19
13552,21827-19
13553,22124-19
13554,22220-19
13555,22219-19
13556,31329-19
13557,31330-19
13559,31428-19
13560,31429-19
13561,41526-19
13562,41625-19
13563,51228-19
13564,65022-19
13566,65121-19
13568,71030-19
13569,71031-19
13570,71129-19
13572,71331-19
13573,72121-19
13574,71332-19
13575,83031-19
13576,83032-19
13577,72023-19
13578,21625-19
13579,21726-19
13580,51017-19
13581,51227-19
13582,51620-19
13583,65119-19
13585,81125-19
13586,81126-19
13587,81127-19
13588,81314-19
13589,83033-19
13590,83034-19
13591,83225-19
13592,83226-19
13593,21027-18
13595,71427-18
13596,11340-18
13597,11341-18
13599,21125-18
13600,41133-18
13601,41226-19
13602,41034-18
13603,51326-19
13604,81025-19
13605,81128-19
13607,12330-19
13608,21028-19
13609,21126-19
13610,21426-19
13611,21627-19
13612,21626-19
13613,21731-19
13614,21830-19
13615,21829-19
13616,22025-19
13617,41127-19
13619,41425-19
13620,41426-19
13621,41626-19
13622,51120-19
13623,51327-19
13624,65023-19
13627,71033-19
13628,71034-19
13629,71130-19
13630,71131-19
13631,71132-19
13632,71133-19
13633,71231-19
13635,71333-19
13636,71334-19
13637,71427-19
13638,71428-19
13639,71429-19
13640,72024-19
13641,72025-19
13642,72122-19
13643,72123-19
13645,83035-19
13646,83036-19
13647,83037-19
13648,83038-19
13649,31230-19
13651,31430-19
13652,32027-19
13655,22233-18
13656,21527-19
13659,41028-19
13663,42135-19
13664,71035-19
13665,71036-19
13667,71233-19
13668,71335-19
13669,71430-19
13670,81027-19
13671,81028-19
13672,21229-19
13673,21328-19
13674,21327-19
13676,51229-19
13678,71038-19
13679,71234-19
13681,71236-19
13682,71237-19
13684,72026-19
13685,81029-19
13687,83040-19
13688,41230-18
13689,31028-19
13691,81129-19
13693,11022-19
13694,71431-19
13695,21127-19
13696,22221-19
13697,31029-19
13698,81130-19
13699,21028-18
13700,32021-18
13701,11345-18
13703,71432-19
13704,41128-19
13705,22020-19
13706,11120-19
13707,11121-19
13709,11325-19
13710,21128-19
13711,11326-19
13712,21427-19
13713,83130-19
13714,11123-19
13715,11124-19